smiles_1,smiles_2,label_proba,label_binary
O=C(NCc1cccs1)c1ccc([N+](=O)[O-])cc1,COc1cc(C(=O)CSc2nccn2C)cc(OC)c1OC,0.49952778,0.0
OCCN1CCN(C2CC(c3ccc(F)cc3)c3c(Cl)cccc32)CC1,Cc1ccc(C=C(C#N)C(=O)c2ccccc2)s1,0.73104626,1.0
CCOC(=O)c1sc(NNC(=O)c2ccc(F)cc2)nc1C,CC(C)(C)OCC(NC(=O)OC(C)(C)C)c1nnc(C(CCCCNC(=O)OC(C)(C)C)NC(=O)C2CCN(C(=O)OC(C)(C)C)CC2)o1,0.4986346,0.0
Cc1c(C=CC(=O)c2ccccc2O)cnn1C,CN1CCN(c2cn(-c3ccc(F)cc3)c3ccc(Cl)cc23)CC1,0.27129453,0.0
CCCc1nnc(SCC(=O)N2C(C)CCCC2C)n1CC,COC(=O)C(CC(=O)c1ccc(C)cc1)n1nc(C)cc1C,0.5008012,1.0
O=C(C=Cc1ccc[nH]1)c1ccccc1,CCOc1ccc(-n2cc(-c3ccccc3)c3c(O)ncnc32)cc1,0.4999643,0.0
O=C(OCc1cncs1)c1ccccc1,CC1CN(C2CC(c3ccc(F)cc3)c3ccc(Cl)cc32)CC(C)N1C,0.26902515,0.0
O=C(NCc1ccco1)c1cc([N+](=O)[O-])ccc1Cl,CCN1CCCC1CNC(=O)c1c(OC)ccc([N+](=O)[O-])c1O,0.2794227,0.0
CC(C)c1ccc2c(c1)C(N1CCN(CCO)CC1)CC2c1ccc(F)cc1,COc1ccc(C(=O)NN=C2CCCC2C(=O)C(F)(F)F)cc1,0.7303316,1.0
O=C(NNc1cc(O)[nH]c1O)c1cccc(F)c1,CCN1CCCC1CNC(=O)c1cc(S(=O)(=O)CC)ccc1OC,0.2761944,0.0
CCOc1ccc(-n2cc(-c3ccccc3)c3c(O)ncnc32)cc1,Cc1c(C=CC(=O)c2ccc(O)cc2)cnn1C,0.49976182,0.0
CS(=O)(=O)c1ccc2c(c1)C(N1CCN(CCO)CC1)CC2c1ccc(F)cc1,CN(C)S(=O)(=O)c1cccc(C(=O)NCc2ccco2)c1,0.7297689,1.0
CCCc1nnc(SCC(=O)N2CCOCC2)n1C,O=C(NCc1ccco1)c1cccnc1Cl,0.5002879,1.0
CC1CN(C(=O)C(C)Sc2nnnn2C)CC(C)O1,CCn1c(S)nnc1C(C)NC(=O)c1ccc(Cl)cc1,0.500507,1.0
Cc1ccc(C(=O)NN=C2CCSC2)cc1[N+](=O)[O-],CCCNc1ncnc2c1c(-c1ccccc1)cn2-c1ccccc1,0.4991703,0.0
O=C(NCc1ccco1)c1ccccc1,COc1cc(C(=O)CSc2nncn2C)cc(OC)c1OC,0.49979457,0.0
CCN1CCCC1CNC(=O)c1c(OC)ccc(F)c1O,CN1CCN(C2CC(c3ccc(F)cc3)c3cccc(Cl)c32)CC1(C)C,0.50078344,1.0
OCCN1CCN(C2CC(c3ccc(F)cc3)c3c(Cl)cccc32)CC1,CCc1ccc(OC)c(C(=O)NCC2CCCN2CC)c1OC,0.49999845,0.0
Cc1cc(C)c(C(=O)CSc2nnc(N)s2)cc1C,COc1ccc(Cl)cc1C(=O)CSc1nnnn1C,0.50050426,1.0
COc1cccc(C(=O)NN=C2CCCC2)c1,CCn1c(S)nnc1C(C)NC(=O)c1ccc(Cl)cc1,0.4999913,0.0
CN(C)S(=O)(=O)c1ccc(C(=O)OCC2COC(C)(C)O2)cc1,COc1ccc(C(=O)CSc2ncn[nH]2)cc1OC,0.4999922,0.0
CCN1CCCC1CNC(=O)c1c(OC)ccc(I)c1O,COc1ccc(Cl)cc1C(=O)CSc1nnnn1C,0.7309886,1.0
Cc1ccc(C(=O)NN=C2CCSC2)cc1[N+](=O)[O-],NCCCCC(NC(=O)C1CCNCC1)c1nnc(C(N)CO)o1,0.49847332,0.0
COc1cc(OC)cc(C(=O)NCC2CCCO2)c1,CCN1CCCC1CNC(=O)c1c(OC)ccc(F)c1O,0.2692979,0.0
NC(CC(=O)N1CSCC1C(=O)N1CCC(N2CCCCC2)CC1)Cc1cc(F)c(F)cc1F,NC(CC(=O)N1CSCC1C(=O)N1CCC(N2CCCCC2)CC1)Cc1cc(F)c(F)cc1F,0.5,0.0
NC(CC(=O)N1CSCC1C(=O)N1CCC(N2CCCCC2)CC1)Cc1cc(F)c(F)cc1F,O=C(NC1CCC(O)CC1)c1c[nH]c2c(F)ccc(F)c2c1=O,0.5468200445175171,1.0
NC(CC(=O)N1CSCC1C(=O)N1CCC(N2CCCCC2)CC1)Cc1cc(F)c(F)cc1F,COc1ccc2[nH]cc(CN3CCC4(CC3)c3ccccc3CC4COc3ccc(F)cn3)c2c1,0.3464961349964142,0.0
NC(CC(=O)N1CSCC1C(=O)N1CCC(N2CCCCC2)CC1)Cc1cc(F)c(F)cc1F,O=C(Cc1nnc(-c2ccccc2)o1)Nc1cc(Cl)ccc1O,0.5108463168144226,1.0
NC(CC(=O)N1CSCC1C(=O)N1CCC(N2CCCCC2)CC1)Cc1cc(F)c(F)cc1F,COc1ccc(C(C)(CC2CCCC2)NCc2ccc3nc4c(cc3c2)CN(C)CC4)cc1,0.5452084541320801,1.0
NC(CC(=O)N1CSCC1C(=O)N1CCC(N2CCCCC2)CC1)Cc1cc(F)c(F)cc1F,CCCCOc1ccc(C(=O)c2ccccc2NC(Cc2ccc(OCCc3nc(-c4ccc(Br)cc4)oc3C)cc2)C(=O)O)cc1,0.548905074596405,1.0
NC(CC(=O)N1CSCC1C(=O)N1CCC(N2CCCCC2)CC1)Cc1cc(F)c(F)cc1F,C[n+]1ccc[n+](CCOC2C34CCc5cc6c(cc5C5OC7COCOC23C(C4)N7C(C#N)C5O)OCO6)c1,0.5029202103614807,1.0
NC(CC(=O)N1CSCC1C(=O)N1CCC(N2CCCCC2)CC1)Cc1cc(F)c(F)cc1F,COC(=O)C1(c2cccc(OCc3c(-c4ccc(F)cc4)noc3C)c2)CC1C(O)=NO,0.5295978784561157,1.0
NC(CC(=O)N1CSCC1C(=O)N1CCC(N2CCCCC2)CC1)Cc1cc(F)c(F)cc1F,O=C(c1ccc(F)cc1)c1c(Cl)ccc(-c2ocnc2CC2CCCCC2)c1F,0.548905074596405,1.0
NC(CC(=O)N1CSCC1C(=O)N1CCC(N2CCCCC2)CC1)Cc1cc(F)c(F)cc1F,Cc1cc(=O)[nH]c(CCCNC(=O)C2CCCC2C(N)=O)n1,0.5352110266685486,1.0
O=C(NC1CCC(O)CC1)c1c[nH]c2c(F)ccc(F)c2c1=O,NC(CC(=O)N1CSCC1C(=O)N1CCC(N2CCCCC2)CC1)Cc1cc(F)c(F)cc1F,0.4531799852848053,0.0
O=C(NC1CCC(O)CC1)c1c[nH]c2c(F)ccc(F)c2c1=O,O=C(NC1CCC(O)CC1)c1c[nH]c2c(F)ccc(F)c2c1=O,0.5,0.0
O=C(NC1CCC(O)CC1)c1c[nH]c2c(F)ccc(F)c2c1=O,COc1ccc2[nH]cc(CN3CCC4(CC3)c3ccccc3CC4COc3ccc(F)cn3)c2c1,0.3052741289138794,0.0
O=C(NC1CCC(O)CC1)c1c[nH]c2c(F)ccc(F)c2c1=O,O=C(Cc1nnc(-c2ccccc2)o1)Nc1cc(Cl)ccc1O,0.46395304799079895,0.0
O=C(NC1CCC(O)CC1)c1c[nH]c2c(F)ccc(F)c2c1=O,COc1ccc(C(C)(CC2CCCC2)NCc2ccc3nc4c(cc3c2)CN(C)CC4)cc1,0.4983746409416199,0.0
O=C(NC1CCC(O)CC1)c1c[nH]c2c(F)ccc(F)c2c1=O,CCCCOc1ccc(C(=O)c2ccccc2NC(Cc2ccc(OCCc3nc(-c4ccc(Br)cc4)oc3C)cc2)C(=O)O)cc1,0.5021042823791504,1.0
O=C(NC1CCC(O)CC1)c1c[nH]c2c(F)ccc(F)c2c1=O,C[n+]1ccc[n+](CCOC2C34CCc5cc6c(cc5C5OC7COCOC23C(C4)N7C(C#N)C5O)OCO6)c1,0.4560762047767639,0.0
O=C(NC1CCC(O)CC1)c1c[nH]c2c(F)ccc(F)c2c1=O,COC(=O)C1(c2cccc(OCc3c(-c4ccc(F)cc4)noc3C)c2)CC1C(O)=NO,0.48268184065818787,0.0
O=C(NC1CCC(O)CC1)c1c[nH]c2c(F)ccc(F)c2c1=O,O=C(c1ccc(F)cc1)c1c(Cl)ccc(-c2ocnc2CC2CCCCC2)c1F,0.5021042823791504,1.0
O=C(NC1CCC(O)CC1)c1c[nH]c2c(F)ccc(F)c2c1=O,Cc1cc(=O)[nH]c(CCCNC(=O)C2CCCC2C(N)=O)n1,0.4883139133453369,0.0
COc1ccc2[nH]cc(CN3CCC4(CC3)c3ccccc3CC4COc3ccc(F)cn3)c2c1,NC(CC(=O)N1CSCC1C(=O)N1CCC(N2CCCCC2)CC1)Cc1cc(F)c(F)cc1F,0.6535038352012634,1.0
COc1ccc2[nH]cc(CN3CCC4(CC3)c3ccccc3CC4COc3ccc(F)cn3)c2c1,O=C(NC1CCC(O)CC1)c1c[nH]c2c(F)ccc(F)c2c1=O,0.6947258710861206,1.0
COc1ccc2[nH]cc(CN3CCC4(CC3)c3ccccc3CC4COc3ccc(F)cn3)c2c1,COc1ccc2[nH]cc(CN3CCC4(CC3)c3ccccc3CC4COc3ccc(F)cn3)c2c1,0.5,0.0
COc1ccc2[nH]cc(CN3CCC4(CC3)c3ccccc3CC4COc3ccc(F)cn3)c2c1,O=C(Cc1nnc(-c2ccccc2)o1)Nc1cc(Cl)ccc1O,0.6632629036903381,1.0
COc1ccc2[nH]cc(CN3CCC4(CC3)c3ccccc3CC4COc3ccc(F)cn3)c2c1,COc1ccc(C(C)(CC2CCCC2)NCc2ccc3nc4c(cc3c2)CN(C)CC4)cc1,0.6933453679084778,1.0
COc1ccc2[nH]cc(CN3CCC4(CC3)c3ccccc3CC4COc3ccc(F)cn3)c2c1,CCCCOc1ccc(C(=O)c2ccccc2NC(Cc2ccc(OCCc3nc(-c4ccc(Br)cc4)oc3C)cc2)C(=O)O)cc1,0.6965080499649048,1.0
COc1ccc2[nH]cc(CN3CCC4(CC3)c3ccccc3CC4COc3ccc(F)cn3)c2c1,C[n+]1ccc[n+](CCOC2C34CCc5cc6c(cc5C5OC7COCOC23C(C4)N7C(C#N)C5O)OCO6)c1,0.6561441421508789,1.0
COc1ccc2[nH]cc(CN3CCC4(CC3)c3ccccc3CC4COc3ccc(F)cn3)c2c1,COC(=O)C1(c2cccc(OCc3c(-c4ccc(F)cc4)noc3C)c2)CC1C(O)=NO,0.6798335313796997,1.0
COc1ccc2[nH]cc(CN3CCC4(CC3)c3ccccc3CC4COc3ccc(F)cn3)c2c1,O=C(c1ccc(F)cc1)c1c(Cl)ccc(-c2ocnc2CC2CCCCC2)c1F,0.6965080499649048,1.0
COc1ccc2[nH]cc(CN3CCC4(CC3)c3ccccc3CC4COc3ccc(F)cn3)c2c1,Cc1cc(=O)[nH]c(CCCNC(=O)C2CCCC2C(N)=O)n1,0.6847211718559265,1.0
O=C(Cc1nnc(-c2ccccc2)o1)Nc1cc(Cl)ccc1O,NC(CC(=O)N1CSCC1C(=O)N1CCC(N2CCCCC2)CC1)Cc1cc(F)c(F)cc1F,0.4891536831855774,0.0
O=C(Cc1nnc(-c2ccccc2)o1)Nc1cc(Cl)ccc1O,O=C(NC1CCC(O)CC1)c1c[nH]c2c(F)ccc(F)c2c1=O,0.5360469222068787,1.0
O=C(Cc1nnc(-c2ccccc2)o1)Nc1cc(Cl)ccc1O,COc1ccc2[nH]cc(CN3CCC4(CC3)c3ccccc3CC4COc3ccc(F)cn3)c2c1,0.33673712611198425,0.0
O=C(Cc1nnc(-c2ccccc2)o1)Nc1cc(Cl)ccc1O,O=C(Cc1nnc(-c2ccccc2)o1)Nc1cc(Cl)ccc1O,0.5,0.0
O=C(Cc1nnc(-c2ccccc2)o1)Nc1cc(Cl)ccc1O,COc1ccc(C(C)(CC2CCCC2)NCc2ccc3nc4c(cc3c2)CN(C)CC4)cc1,0.534429669380188,1.0
O=C(Cc1nnc(-c2ccccc2)o1)Nc1cc(Cl)ccc1O,CCCCOc1ccc(C(=O)c2ccccc2NC(Cc2ccc(OCCc3nc(-c4ccc(Br)cc4)oc3C)cc2)C(=O)O)cc1,0.5381396412849426,1.0
O=C(Cc1nnc(-c2ccccc2)o1)Nc1cc(Cl)ccc1O,C[n+]1ccc[n+](CCOC2C34CCc5cc6c(cc5C5OC7COCOC23C(C4)N7C(C#N)C5O)OCO6)c1,0.4920729696750641,0.0
O=C(Cc1nnc(-c2ccccc2)o1)Nc1cc(Cl)ccc1O,COC(=O)C1(c2cccc(OCc3c(-c4ccc(F)cc4)noc3C)c2)CC1C(O)=NO,0.5187757015228271,1.0
O=C(Cc1nnc(-c2ccccc2)o1)Nc1cc(Cl)ccc1O,O=C(c1ccc(F)cc1)c1c(Cl)ccc(-c2ocnc2CC2CCCCC2)c1F,0.5381396412849426,1.0
O=C(Cc1nnc(-c2ccccc2)o1)Nc1cc(Cl)ccc1O,Cc1cc(=O)[nH]c(CCCNC(=O)C2CCCC2C(N)=O)n1,0.5244019627571106,1.0
COc1ccc(C(C)(CC2CCCC2)NCc2ccc3nc4c(cc3c2)CN(C)CC4)cc1,NC(CC(=O)N1CSCC1C(=O)N1CCC(N2CCCCC2)CC1)Cc1cc(F)c(F)cc1F,0.4547915458679199,0.0
COc1ccc(C(C)(CC2CCCC2)NCc2ccc3nc4c(cc3c2)CN(C)CC4)cc1,O=C(NC1CCC(O)CC1)c1c[nH]c2c(F)ccc(F)c2c1=O,0.5016252994537354,1.0
COc1ccc(C(C)(CC2CCCC2)NCc2ccc3nc4c(cc3c2)CN(C)CC4)cc1,COc1ccc2[nH]cc(CN3CCC4(CC3)c3ccccc3CC4COc3ccc(F)cn3)c2c1,0.306654691696167,0.0
COc1ccc(C(C)(CC2CCCC2)NCc2ccc3nc4c(cc3c2)CN(C)CC4)cc1,O=C(Cc1nnc(-c2ccccc2)o1)Nc1cc(Cl)ccc1O,0.46557027101516724,0.0
COc1ccc(C(C)(CC2CCCC2)NCc2ccc3nc4c(cc3c2)CN(C)CC4)cc1,COc1ccc(C(C)(CC2CCCC2)NCc2ccc3nc4c(cc3c2)CN(C)CC4)cc1,0.5,0.0
COc1ccc(C(C)(CC2CCCC2)NCc2ccc3nc4c(cc3c2)CN(C)CC4)cc1,CCCCOc1ccc(C(=O)c2ccccc2NC(Cc2ccc(OCCc3nc(-c4ccc(Br)cc4)oc3C)cc2)C(=O)O)cc1,0.503729522228241,1.0
COc1ccc(C(C)(CC2CCCC2)NCc2ccc3nc4c(cc3c2)CN(C)CC4)cc1,C[n+]1ccc[n+](CCOC2C34CCc5cc6c(cc5C5OC7COCOC23C(C4)N7C(C#N)C5O)OCO6)c1,0.45768943428993225,0.0
COc1ccc(C(C)(CC2CCCC2)NCc2ccc3nc4c(cc3c2)CN(C)CC4)cc1,COC(=O)C1(c2cccc(OCc3c(-c4ccc(F)cc4)noc3C)c2)CC1C(O)=NO,0.4843054413795471,0.0
COc1ccc(C(C)(CC2CCCC2)NCc2ccc3nc4c(cc3c2)CN(C)CC4)cc1,O=C(c1ccc(F)cc1)c1c(Cl)ccc(-c2ocnc2CC2CCCCC2)c1F,0.503729522228241,1.0
COc1ccc(C(C)(CC2CCCC2)NCc2ccc3nc4c(cc3c2)CN(C)CC4)cc1,Cc1cc(=O)[nH]c(CCCNC(=O)C2CCCC2C(N)=O)n1,0.4899384677410126,0.0
CCCCOc1ccc(C(=O)c2ccccc2NC(Cc2ccc(OCCc3nc(-c4ccc(Br)cc4)oc3C)cc2)C(=O)O)cc1,NC(CC(=O)N1CSCC1C(=O)N1CCC(N2CCCCC2)CC1)Cc1cc(F)c(F)cc1F,0.45109492540359497,0.0
CCCCOc1ccc(C(=O)c2ccccc2NC(Cc2ccc(OCCc3nc(-c4ccc(Br)cc4)oc3C)cc2)C(=O)O)cc1,O=C(NC1CCC(O)CC1)c1c[nH]c2c(F)ccc(F)c2c1=O,0.4978957176208496,0.0
CCCCOc1ccc(C(=O)c2ccccc2NC(Cc2ccc(OCCc3nc(-c4ccc(Br)cc4)oc3C)cc2)C(=O)O)cc1,COc1ccc2[nH]cc(CN3CCC4(CC3)c3ccccc3CC4COc3ccc(F)cn3)c2c1,0.3034919202327728,0.0
CCCCOc1ccc(C(=O)c2ccccc2NC(Cc2ccc(OCCc3nc(-c4ccc(Br)cc4)oc3C)cc2)C(=O)O)cc1,O=C(Cc1nnc(-c2ccccc2)o1)Nc1cc(Cl)ccc1O,0.4618603587150574,0.0
CCCCOc1ccc(C(=O)c2ccccc2NC(Cc2ccc(OCCc3nc(-c4ccc(Br)cc4)oc3C)cc2)C(=O)O)cc1,COc1ccc(C(C)(CC2CCCC2)NCc2ccc3nc4c(cc3c2)CN(C)CC4)cc1,0.49627041816711426,0.0
CCCCOc1ccc(C(=O)c2ccccc2NC(Cc2ccc(OCCc3nc(-c4ccc(Br)cc4)oc3C)cc2)C(=O)O)cc1,CCCCOc1ccc(C(=O)c2ccccc2NC(Cc2ccc(OCCc3nc(-c4ccc(Br)cc4)oc3C)cc2)C(=O)O)cc1,0.5,0.0
CCCCOc1ccc(C(=O)c2ccccc2NC(Cc2ccc(OCCc3nc(-c4ccc(Br)cc4)oc3C)cc2)C(=O)O)cc1,C[n+]1ccc[n+](CCOC2C34CCc5cc6c(cc5C5OC7COCOC23C(C4)N7C(C#N)C5O)OCO6)c1,0.4539889395236969,0.0
CCCCOc1ccc(C(=O)c2ccccc2NC(Cc2ccc(OCCc3nc(-c4ccc(Br)cc4)oc3C)cc2)C(=O)O)cc1,COC(=O)C1(c2cccc(OCc3c(-c4ccc(F)cc4)noc3C)c2)CC1C(O)=NO,0.4805804193019867,0.0
CCCCOc1ccc(C(=O)c2ccccc2NC(Cc2ccc(OCCc3nc(-c4ccc(Br)cc4)oc3C)cc2)C(=O)O)cc1,O=C(c1ccc(F)cc1)c1c(Cl)ccc(-c2ocnc2CC2CCCCC2)c1F,0.5,0.0
CCCCOc1ccc(C(=O)c2ccccc2NC(Cc2ccc(OCCc3nc(-c4ccc(Br)cc4)oc3C)cc2)C(=O)O)cc1,Cc1cc(=O)[nH]c(CCCNC(=O)C2CCCC2C(N)=O)n1,0.48621100187301636,0.0
C[n+]1ccc[n+](CCOC2C34CCc5cc6c(cc5C5OC7COCOC23C(C4)N7C(C#N)C5O)OCO6)c1,NC(CC(=O)N1CSCC1C(=O)N1CCC(N2CCCCC2)CC1)Cc1cc(F)c(F)cc1F,0.4970797300338745,0.0
C[n+]1ccc[n+](CCOC2C34CCc5cc6c(cc5C5OC7COCOC23C(C4)N7C(C#N)C5O)OCO6)c1,O=C(NC1CCC(O)CC1)c1c[nH]c2c(F)ccc(F)c2c1=O,0.5439237952232361,1.0
C[n+]1ccc[n+](CCOC2C34CCc5cc6c(cc5C5OC7COCOC23C(C4)N7C(C#N)C5O)OCO6)c1,COc1ccc2[nH]cc(CN3CCC4(CC3)c3ccccc3CC4COc3ccc(F)cn3)c2c1,0.3438558578491211,0.0
C[n+]1ccc[n+](CCOC2C34CCc5cc6c(cc5C5OC7COCOC23C(C4)N7C(C#N)C5O)OCO6)c1,O=C(Cc1nnc(-c2ccccc2)o1)Nc1cc(Cl)ccc1O,0.5079271197319031,1.0
C[n+]1ccc[n+](CCOC2C34CCc5cc6c(cc5C5OC7COCOC23C(C4)N7C(C#N)C5O)OCO6)c1,COc1ccc(C(C)(CC2CCCC2)NCc2ccc3nc4c(cc3c2)CN(C)CC4)cc1,0.5423105955123901,1.0
C[n+]1ccc[n+](CCOC2C34CCc5cc6c(cc5C5OC7COCOC23C(C4)N7C(C#N)C5O)OCO6)c1,CCCCOc1ccc(C(=O)c2ccccc2NC(Cc2ccc(OCCc3nc(-c4ccc(Br)cc4)oc3C)cc2)C(=O)O)cc1,0.5460110902786255,1.0
C[n+]1ccc[n+](CCOC2C34CCc5cc6c(cc5C5OC7COCOC23C(C4)N7C(C#N)C5O)OCO6)c1,C[n+]1ccc[n+](CCOC2C34CCc5cc6c(cc5C5OC7COCOC23C(C4)N7C(C#N)C5O)OCO6)c1,0.5,0.0
C[n+]1ccc[n+](CCOC2C34CCc5cc6c(cc5C5OC7COCOC23C(C4)N7C(C#N)C5O)OCO6)c1,COC(=O)C1(c2cccc(OCc3c(-c4ccc(F)cc4)noc3C)c2)CC1C(O)=NO,0.5266868472099304,1.0
C[n+]1ccc[n+](CCOC2C34CCc5cc6c(cc5C5OC7COCOC23C(C4)N7C(C#N)C5O)OCO6)c1,O=C(c1ccc(F)cc1)c1c(Cl)ccc(-c2ocnc2CC2CCCCC2)c1F,0.5460110902786255,1.0
C[n+]1ccc[n+](CCOC2C34CCc5cc6c(cc5C5OC7COCOC23C(C4)N7C(C#N)C5O)OCO6)c1,Cc1cc(=O)[nH]c(CCCNC(=O)C2CCCC2C(N)=O)n1,0.532304048538208,1.0
COC(=O)C1(c2cccc(OCc3c(-c4ccc(F)cc4)noc3C)c2)CC1C(O)=NO,NC(CC(=O)N1CSCC1C(=O)N1CCC(N2CCCCC2)CC1)Cc1cc(F)c(F)cc1F,0.47040215134620667,0.0
COC(=O)C1(c2cccc(OCc3c(-c4ccc(F)cc4)noc3C)c2)CC1C(O)=NO,O=C(NC1CCC(O)CC1)c1c[nH]c2c(F)ccc(F)c2c1=O,0.5173181891441345,1.0
COC(=O)C1(c2cccc(OCc3c(-c4ccc(F)cc4)noc3C)c2)CC1C(O)=NO,COc1ccc2[nH]cc(CN3CCC4(CC3)c3ccccc3CC4COc3ccc(F)cn3)c2c1,0.3201664686203003,0.0
COC(=O)C1(c2cccc(OCc3c(-c4ccc(F)cc4)noc3C)c2)CC1C(O)=NO,O=C(Cc1nnc(-c2ccccc2)o1)Nc1cc(Cl)ccc1O,0.48122432827949524,0.0
COC(=O)C1(c2cccc(OCc3c(-c4ccc(F)cc4)noc3C)c2)CC1C(O)=NO,COc1ccc(C(C)(CC2CCCC2)NCc2ccc3nc4c(cc3c2)CN(C)CC4)cc1,0.5156946182250977,1.0
COC(=O)C1(c2cccc(OCc3c(-c4ccc(F)cc4)noc3C)c2)CC1C(O)=NO,CCCCOc1ccc(C(=O)c2ccccc2NC(Cc2ccc(OCCc3nc(-c4ccc(Br)cc4)oc3C)cc2)C(=O)O)cc1,0.5194196105003357,1.0
COC(=O)C1(c2cccc(OCc3c(-c4ccc(F)cc4)noc3C)c2)CC1C(O)=NO,C[n+]1ccc[n+](CCOC2C34CCc5cc6c(cc5C5OC7COCOC23C(C4)N7C(C#N)C5O)OCO6)c1,0.4733131229877472,0.0
COC(=O)C1(c2cccc(OCc3c(-c4ccc(F)cc4)noc3C)c2)CC1C(O)=NO,COC(=O)C1(c2cccc(OCc3c(-c4ccc(F)cc4)noc3C)c2)CC1C(O)=NO,0.5,0.0
COC(=O)C1(c2cccc(OCc3c(-c4ccc(F)cc4)noc3C)c2)CC1C(O)=NO,O=C(c1ccc(F)cc1)c1c(Cl)ccc(-c2ocnc2CC2CCCCC2)c1F,0.5194196105003357,1.0
COC(=O)C1(c2cccc(OCc3c(-c4ccc(F)cc4)noc3C)c2)CC1C(O)=NO,Cc1cc(=O)[nH]c(CCCNC(=O)C2CCCC2C(N)=O)n1,0.5056366324424744,1.0
O=C(c1ccc(F)cc1)c1c(Cl)ccc(-c2ocnc2CC2CCCCC2)c1F,NC(CC(=O)N1CSCC1C(=O)N1CCC(N2CCCCC2)CC1)Cc1cc(F)c(F)cc1F,0.45109492540359497,0.0
O=C(c1ccc(F)cc1)c1c(Cl)ccc(-c2ocnc2CC2CCCCC2)c1F,O=C(NC1CCC(O)CC1)c1c[nH]c2c(F)ccc(F)c2c1=O,0.4978957176208496,0.0
O=C(c1ccc(F)cc1)c1c(Cl)ccc(-c2ocnc2CC2CCCCC2)c1F,COc1ccc2[nH]cc(CN3CCC4(CC3)c3ccccc3CC4COc3ccc(F)cn3)c2c1,0.3034919202327728,0.0
O=C(c1ccc(F)cc1)c1c(Cl)ccc(-c2ocnc2CC2CCCCC2)c1F,O=C(Cc1nnc(-c2ccccc2)o1)Nc1cc(Cl)ccc1O,0.4618603587150574,0.0
O=C(c1ccc(F)cc1)c1c(Cl)ccc(-c2ocnc2CC2CCCCC2)c1F,COc1ccc(C(C)(CC2CCCC2)NCc2ccc3nc4c(cc3c2)CN(C)CC4)cc1,0.49627041816711426,0.0
O=C(c1ccc(F)cc1)c1c(Cl)ccc(-c2ocnc2CC2CCCCC2)c1F,CCCCOc1ccc(C(=O)c2ccccc2NC(Cc2ccc(OCCc3nc(-c4ccc(Br)cc4)oc3C)cc2)C(=O)O)cc1,0.5,0.0
O=C(c1ccc(F)cc1)c1c(Cl)ccc(-c2ocnc2CC2CCCCC2)c1F,C[n+]1ccc[n+](CCOC2C34CCc5cc6c(cc5C5OC7COCOC23C(C4)N7C(C#N)C5O)OCO6)c1,0.4539889395236969,0.0
O=C(c1ccc(F)cc1)c1c(Cl)ccc(-c2ocnc2CC2CCCCC2)c1F,COC(=O)C1(c2cccc(OCc3c(-c4ccc(F)cc4)noc3C)c2)CC1C(O)=NO,0.4805804193019867,0.0
O=C(c1ccc(F)cc1)c1c(Cl)ccc(-c2ocnc2CC2CCCCC2)c1F,O=C(c1ccc(F)cc1)c1c(Cl)ccc(-c2ocnc2CC2CCCCC2)c1F,0.5,0.0
O=C(c1ccc(F)cc1)c1c(Cl)ccc(-c2ocnc2CC2CCCCC2)c1F,Cc1cc(=O)[nH]c(CCCNC(=O)C2CCCC2C(N)=O)n1,0.48621100187301636,0.0
Cc1cc(=O)[nH]c(CCCNC(=O)C2CCCC2C(N)=O)n1,NC(CC(=O)N1CSCC1C(=O)N1CCC(N2CCCCC2)CC1)Cc1cc(F)c(F)cc1F,0.4647889733314514,0.0
Cc1cc(=O)[nH]c(CCCNC(=O)C2CCCC2C(N)=O)n1,O=C(NC1CCC(O)CC1)c1c[nH]c2c(F)ccc(F)c2c1=O,0.5116860866546631,1.0
Cc1cc(=O)[nH]c(CCCNC(=O)C2CCCC2C(N)=O)n1,COc1ccc2[nH]cc(CN3CCC4(CC3)c3ccccc3CC4COc3ccc(F)cn3)c2c1,0.3152787983417511,0.0
Cc1cc(=O)[nH]c(CCCNC(=O)C2CCCC2C(N)=O)n1,O=C(Cc1nnc(-c2ccccc2)o1)Nc1cc(Cl)ccc1O,0.4755980670452118,0.0
Cc1cc(=O)[nH]c(CCCNC(=O)C2CCCC2C(N)=O)n1,COc1ccc(C(C)(CC2CCCC2)NCc2ccc3nc4c(cc3c2)CN(C)CC4)cc1,0.510061502456665,1.0
Cc1cc(=O)[nH]c(CCCNC(=O)C2CCCC2C(N)=O)n1,CCCCOc1ccc(C(=O)c2ccccc2NC(Cc2ccc(OCCc3nc(-c4ccc(Br)cc4)oc3C)cc2)C(=O)O)cc1,0.5137889981269836,1.0
Cc1cc(=O)[nH]c(CCCNC(=O)C2CCCC2C(N)=O)n1,C[n+]1ccc[n+](CCOC2C34CCc5cc6c(cc5C5OC7COCOC23C(C4)N7C(C#N)C5O)OCO6)c1,0.4676959812641144,0.0
Cc1cc(=O)[nH]c(CCCNC(=O)C2CCCC2C(N)=O)n1,COC(=O)C1(c2cccc(OCc3c(-c4ccc(F)cc4)noc3C)c2)CC1C(O)=NO,0.49436333775520325,0.0
Cc1cc(=O)[nH]c(CCCNC(=O)C2CCCC2C(N)=O)n1,O=C(c1ccc(F)cc1)c1c(Cl)ccc(-c2ocnc2CC2CCCCC2)c1F,0.5137889981269836,1.0
Cc1cc(=O)[nH]c(CCCNC(=O)C2CCCC2C(N)=O)n1,Cc1cc(=O)[nH]c(CCCNC(=O)C2CCCC2C(N)=O)n1,0.5,0.0
CN1C(C)(C)CC(NC(=O)NCc2cccc(N)c2)CC1(C)C,CN1C(C)(C)CC(NC(=O)NCc2cccc(N)c2)CC1(C)C,0.5,0.0
CN1C(C)(C)CC(NC(=O)NCc2cccc(N)c2)CC1(C)C,Cc1ccc(-n2c(C)c(C)c3c(=N)nc(N4CCN(C)CC4)[nH]c32)cc1,0.4925788640975952,0.0
CN1C(C)(C)CC(NC(=O)NCc2cccc(N)c2)CC1(C)C,O=C(Nc1cc(C(F)(F)F)ccc1Cl)C(c1nc2cc(-c3ccc(F)cc3)ccc2s1)S(=O)(=O)Cc1cccnc1,0.4903707206249237,0.0
CN1C(C)(C)CC(NC(=O)NCc2cccc(N)c2)CC1(C)C,COc1ccc(-c2nnc(N3CCC(C(=O)Nc4ccccc4F)CC3)s2)cc1,0.5,0.0
CN1C(C)(C)CC(NC(=O)NCc2cccc(N)c2)CC1(C)C,O=C(Cc1ccccc1)C1C(=O)c2cccc3cccc1c23,0.5,0.0
CN1C(C)(C)CC(NC(=O)NCc2cccc(N)c2)CC1(C)C,Clc1ccc2nc(-c3ccncc3)c(NC3CCCCC3)n2c1,0.5,0.0
CN1C(C)(C)CC(NC(=O)NCc2cccc(N)c2)CC1(C)C,CCc1cccc(-c2nnc(SCCCN3CCC4(CC4c4ccc(C(F)(F)F)cc4)C3)n2C)n1,0.31675782799720764,0.0
CN1C(C)(C)CC(NC(=O)NCc2cccc(N)c2)CC1(C)C,O=C(C=Cc1ccccc1)OCCCCc1ccccc1,0.4919939935207367,0.0
CN1C(C)(C)CC(NC(=O)NCc2cccc(N)c2)CC1(C)C,Cc1ccc(Cl)cc1NC(=O)NCCn1nc2ccccc2n1,0.5,0.0
CN1C(C)(C)CC(NC(=O)NCc2cccc(N)c2)CC1(C)C,CCN(c1nc(=NCC2CCCO2)nc(C)[nH]1)c1c(Br)cccc1Br,0.5,0.0
Cc1ccc(-n2c(C)c(C)c3c(=N)nc(N4CCN(C)CC4)[nH]c32)cc1,CN1C(C)(C)CC(NC(=O)NCc2cccc(N)c2)CC1(C)C,0.5074211359024048,1.0
Cc1ccc(-n2c(C)c(C)c3c(=N)nc(N4CCN(C)CC4)[nH]c32)cc1,Cc1ccc(-n2c(C)c(C)c3c(=N)nc(N4CCN(C)CC4)[nH]c32)cc1,0.5,0.0
Cc1ccc(-n2c(C)c(C)c3c(=N)nc(N4CCN(C)CC4)[nH]c32)cc1,O=C(Nc1cc(C(F)(F)F)ccc1Cl)C(c1nc2cc(-c3ccc(F)cc3)ccc2s1)S(=O)(=O)Cc1cccnc1,0.49779120087623596,0.0
Cc1ccc(-n2c(C)c(C)c3c(=N)nc(N4CCN(C)CC4)[nH]c32)cc1,COc1ccc(-c2nnc(N3CCC(C(=O)Nc4ccccc4F)CC3)s2)cc1,0.5074211359024048,1.0
Cc1ccc(-n2c(C)c(C)c3c(=N)nc(N4CCN(C)CC4)[nH]c32)cc1,O=C(Cc1ccccc1)C1C(=O)c2cccc3cccc1c23,0.5074211359024048,1.0
Cc1ccc(-n2c(C)c(C)c3c(=N)nc(N4CCN(C)CC4)[nH]c32)cc1,Clc1ccc2nc(-c3ccncc3)c(NC3CCCCC3)n2c1,0.5074211359024048,1.0
Cc1ccc(-n2c(C)c(C)c3c(=N)nc(N4CCN(C)CC4)[nH]c32)cc1,CCc1cccc(-c2nnc(SCCCN3CCC4(CC4c4ccc(C(F)(F)F)cc4)C3)n2C)n1,0.32321736216545105,0.0
Cc1ccc(-n2c(C)c(C)c3c(=N)nc(N4CCN(C)CC4)[nH]c32)cc1,O=C(C=Cc1ccccc1)OCCCCc1ccccc1,0.49941501021385193,0.0
Cc1ccc(-n2c(C)c(C)c3c(=N)nc(N4CCN(C)CC4)[nH]c32)cc1,Cc1ccc(Cl)cc1NC(=O)NCCn1nc2ccccc2n1,0.5074211359024048,1.0
Cc1ccc(-n2c(C)c(C)c3c(=N)nc(N4CCN(C)CC4)[nH]c32)cc1,CCN(c1nc(=NCC2CCCO2)nc(C)[nH]1)c1c(Br)cccc1Br,0.5074211359024048,1.0
O=C(Nc1cc(C(F)(F)F)ccc1Cl)C(c1nc2cc(-c3ccc(F)cc3)ccc2s1)S(=O)(=O)Cc1cccnc1,CN1C(C)(C)CC(NC(=O)NCc2cccc(N)c2)CC1(C)C,0.5096292495727539,1.0
O=C(Nc1cc(C(F)(F)F)ccc1Cl)C(c1nc2cc(-c3ccc(F)cc3)ccc2s1)S(=O)(=O)Cc1cccnc1,Cc1ccc(-n2c(C)c(C)c3c(=N)nc(N4CCN(C)CC4)[nH]c32)cc1,0.5022087693214417,1.0
O=C(Nc1cc(C(F)(F)F)ccc1Cl)C(c1nc2cc(-c3ccc(F)cc3)ccc2s1)S(=O)(=O)Cc1cccnc1,O=C(Nc1cc(C(F)(F)F)ccc1Cl)C(c1nc2cc(-c3ccc(F)cc3)ccc2s1)S(=O)(=O)Cc1cccnc1,0.5,0.0
O=C(Nc1cc(C(F)(F)F)ccc1Cl)C(c1nc2cc(-c3ccc(F)cc3)ccc2s1)S(=O)(=O)Cc1cccnc1,COc1ccc(-c2nnc(N3CCC(C(=O)Nc4ccccc4F)CC3)s2)cc1,0.5096292495727539,1.0
O=C(Nc1cc(C(F)(F)F)ccc1Cl)C(c1nc2cc(-c3ccc(F)cc3)ccc2s1)S(=O)(=O)Cc1cccnc1,O=C(Cc1ccccc1)C1C(=O)c2cccc3cccc1c23,0.5096292495727539,1.0
O=C(Nc1cc(C(F)(F)F)ccc1Cl)C(c1nc2cc(-c3ccc(F)cc3)ccc2s1)S(=O)(=O)Cc1cccnc1,Clc1ccc2nc(-c3ccncc3)c(NC3CCCCC3)n2c1,0.5096292495727539,1.0
O=C(Nc1cc(C(F)(F)F)ccc1Cl)C(c1nc2cc(-c3ccc(F)cc3)ccc2s1)S(=O)(=O)Cc1cccnc1,CCc1cccc(-c2nnc(SCCCN3CCC4(CC4c4ccc(C(F)(F)F)cc4)C3)n2C)n1,0.32515302300453186,0.0
O=C(Nc1cc(C(F)(F)F)ccc1Cl)C(c1nc2cc(-c3ccc(F)cc3)ccc2s1)S(=O)(=O)Cc1cccnc1,O=C(C=Cc1ccccc1)OCCCCc1ccccc1,0.501623809337616,1.0
O=C(Nc1cc(C(F)(F)F)ccc1Cl)C(c1nc2cc(-c3ccc(F)cc3)ccc2s1)S(=O)(=O)Cc1cccnc1,Cc1ccc(Cl)cc1NC(=O)NCCn1nc2ccccc2n1,0.5096292495727539,1.0
O=C(Nc1cc(C(F)(F)F)ccc1Cl)C(c1nc2cc(-c3ccc(F)cc3)ccc2s1)S(=O)(=O)Cc1cccnc1,CCN(c1nc(=NCC2CCCO2)nc(C)[nH]1)c1c(Br)cccc1Br,0.5096292495727539,1.0
COc1ccc(-c2nnc(N3CCC(C(=O)Nc4ccccc4F)CC3)s2)cc1,CN1C(C)(C)CC(NC(=O)NCc2cccc(N)c2)CC1(C)C,0.5,0.0
COc1ccc(-c2nnc(N3CCC(C(=O)Nc4ccccc4F)CC3)s2)cc1,Cc1ccc(-n2c(C)c(C)c3c(=N)nc(N4CCN(C)CC4)[nH]c32)cc1,0.4925788640975952,0.0
COc1ccc(-c2nnc(N3CCC(C(=O)Nc4ccccc4F)CC3)s2)cc1,O=C(Nc1cc(C(F)(F)F)ccc1Cl)C(c1nc2cc(-c3ccc(F)cc3)ccc2s1)S(=O)(=O)Cc1cccnc1,0.4903707206249237,0.0
COc1ccc(-c2nnc(N3CCC(C(=O)Nc4ccccc4F)CC3)s2)cc1,COc1ccc(-c2nnc(N3CCC(C(=O)Nc4ccccc4F)CC3)s2)cc1,0.5,0.0
COc1ccc(-c2nnc(N3CCC(C(=O)Nc4ccccc4F)CC3)s2)cc1,O=C(Cc1ccccc1)C1C(=O)c2cccc3cccc1c23,0.5,0.0
COc1ccc(-c2nnc(N3CCC(C(=O)Nc4ccccc4F)CC3)s2)cc1,Clc1ccc2nc(-c3ccncc3)c(NC3CCCCC3)n2c1,0.5,0.0
COc1ccc(-c2nnc(N3CCC(C(=O)Nc4ccccc4F)CC3)s2)cc1,CCc1cccc(-c2nnc(SCCCN3CCC4(CC4c4ccc(C(F)(F)F)cc4)C3)n2C)n1,0.31675782799720764,0.0
COc1ccc(-c2nnc(N3CCC(C(=O)Nc4ccccc4F)CC3)s2)cc1,O=C(C=Cc1ccccc1)OCCCCc1ccccc1,0.4919939935207367,0.0
COc1ccc(-c2nnc(N3CCC(C(=O)Nc4ccccc4F)CC3)s2)cc1,Cc1ccc(Cl)cc1NC(=O)NCCn1nc2ccccc2n1,0.5,0.0
COc1ccc(-c2nnc(N3CCC(C(=O)Nc4ccccc4F)CC3)s2)cc1,CCN(c1nc(=NCC2CCCO2)nc(C)[nH]1)c1c(Br)cccc1Br,0.5,0.0
O=C(Cc1ccccc1)C1C(=O)c2cccc3cccc1c23,CN1C(C)(C)CC(NC(=O)NCc2cccc(N)c2)CC1(C)C,0.5,0.0
O=C(Cc1ccccc1)C1C(=O)c2cccc3cccc1c23,Cc1ccc(-n2c(C)c(C)c3c(=N)nc(N4CCN(C)CC4)[nH]c32)cc1,0.4925788640975952,0.0
O=C(Cc1ccccc1)C1C(=O)c2cccc3cccc1c23,O=C(Nc1cc(C(F)(F)F)ccc1Cl)C(c1nc2cc(-c3ccc(F)cc3)ccc2s1)S(=O)(=O)Cc1cccnc1,0.4903707206249237,0.0
O=C(Cc1ccccc1)C1C(=O)c2cccc3cccc1c23,COc1ccc(-c2nnc(N3CCC(C(=O)Nc4ccccc4F)CC3)s2)cc1,0.5,0.0
O=C(Cc1ccccc1)C1C(=O)c2cccc3cccc1c23,O=C(Cc1ccccc1)C1C(=O)c2cccc3cccc1c23,0.5,0.0
O=C(Cc1ccccc1)C1C(=O)c2cccc3cccc1c23,Clc1ccc2nc(-c3ccncc3)c(NC3CCCCC3)n2c1,0.5,0.0
O=C(Cc1ccccc1)C1C(=O)c2cccc3cccc1c23,CCc1cccc(-c2nnc(SCCCN3CCC4(CC4c4ccc(C(F)(F)F)cc4)C3)n2C)n1,0.31675782799720764,0.0
O=C(Cc1ccccc1)C1C(=O)c2cccc3cccc1c23,O=C(C=Cc1ccccc1)OCCCCc1ccccc1,0.4919939935207367,0.0
O=C(Cc1ccccc1)C1C(=O)c2cccc3cccc1c23,Cc1ccc(Cl)cc1NC(=O)NCCn1nc2ccccc2n1,0.5,0.0
O=C(Cc1ccccc1)C1C(=O)c2cccc3cccc1c23,CCN(c1nc(=NCC2CCCO2)nc(C)[nH]1)c1c(Br)cccc1Br,0.5,0.0
Clc1ccc2nc(-c3ccncc3)c(NC3CCCCC3)n2c1,CN1C(C)(C)CC(NC(=O)NCc2cccc(N)c2)CC1(C)C,0.5,0.0
Clc1ccc2nc(-c3ccncc3)c(NC3CCCCC3)n2c1,Cc1ccc(-n2c(C)c(C)c3c(=N)nc(N4CCN(C)CC4)[nH]c32)cc1,0.4925788640975952,0.0
Clc1ccc2nc(-c3ccncc3)c(NC3CCCCC3)n2c1,O=C(Nc1cc(C(F)(F)F)ccc1Cl)C(c1nc2cc(-c3ccc(F)cc3)ccc2s1)S(=O)(=O)Cc1cccnc1,0.4903707206249237,0.0
Clc1ccc2nc(-c3ccncc3)c(NC3CCCCC3)n2c1,COc1ccc(-c2nnc(N3CCC(C(=O)Nc4ccccc4F)CC3)s2)cc1,0.5,0.0
Clc1ccc2nc(-c3ccncc3)c(NC3CCCCC3)n2c1,O=C(Cc1ccccc1)C1C(=O)c2cccc3cccc1c23,0.5,0.0
Clc1ccc2nc(-c3ccncc3)c(NC3CCCCC3)n2c1,Clc1ccc2nc(-c3ccncc3)c(NC3CCCCC3)n2c1,0.5,0.0
Clc1ccc2nc(-c3ccncc3)c(NC3CCCCC3)n2c1,CCc1cccc(-c2nnc(SCCCN3CCC4(CC4c4ccc(C(F)(F)F)cc4)C3)n2C)n1,0.31675782799720764,0.0
Clc1ccc2nc(-c3ccncc3)c(NC3CCCCC3)n2c1,O=C(C=Cc1ccccc1)OCCCCc1ccccc1,0.4919939935207367,0.0
Clc1ccc2nc(-c3ccncc3)c(NC3CCCCC3)n2c1,Cc1ccc(Cl)cc1NC(=O)NCCn1nc2ccccc2n1,0.5,0.0
Clc1ccc2nc(-c3ccncc3)c(NC3CCCCC3)n2c1,CCN(c1nc(=NCC2CCCO2)nc(C)[nH]1)c1c(Br)cccc1Br,0.5,0.0
CCc1cccc(-c2nnc(SCCCN3CCC4(CC4c4ccc(C(F)(F)F)cc4)C3)n2C)n1,CN1C(C)(C)CC(NC(=O)NCc2cccc(N)c2)CC1(C)C,0.68324214220047,1.0
CCc1cccc(-c2nnc(SCCCN3CCC4(CC4c4ccc(C(F)(F)F)cc4)C3)n2C)n1,Cc1ccc(-n2c(C)c(C)c3c(=N)nc(N4CCN(C)CC4)[nH]c32)cc1,0.6767826676368713,1.0
CCc1cccc(-c2nnc(SCCCN3CCC4(CC4c4ccc(C(F)(F)F)cc4)C3)n2C)n1,O=C(Nc1cc(C(F)(F)F)ccc1Cl)C(c1nc2cc(-c3ccc(F)cc3)ccc2s1)S(=O)(=O)Cc1cccnc1,0.6748469471931458,1.0
CCc1cccc(-c2nnc(SCCCN3CCC4(CC4c4ccc(C(F)(F)F)cc4)C3)n2C)n1,COc1ccc(-c2nnc(N3CCC(C(=O)Nc4ccccc4F)CC3)s2)cc1,0.68324214220047,1.0
CCc1cccc(-c2nnc(SCCCN3CCC4(CC4c4ccc(C(F)(F)F)cc4)C3)n2C)n1,O=C(Cc1ccccc1)C1C(=O)c2cccc3cccc1c23,0.68324214220047,1.0
CCc1cccc(-c2nnc(SCCCN3CCC4(CC4c4ccc(C(F)(F)F)cc4)C3)n2C)n1,Clc1ccc2nc(-c3ccncc3)c(NC3CCCCC3)n2c1,0.68324214220047,1.0
CCc1cccc(-c2nnc(SCCCN3CCC4(CC4c4ccc(C(F)(F)F)cc4)C3)n2C)n1,CCc1cccc(-c2nnc(SCCCN3CCC4(CC4c4ccc(C(F)(F)F)cc4)C3)n2C)n1,0.5,0.0
CCc1cccc(-c2nnc(SCCCN3CCC4(CC4c4ccc(C(F)(F)F)cc4)C3)n2C)n1,O=C(C=Cc1ccccc1)OCCCCc1ccccc1,0.6762705445289612,1.0
CCc1cccc(-c2nnc(SCCCN3CCC4(CC4c4ccc(C(F)(F)F)cc4)C3)n2C)n1,Cc1ccc(Cl)cc1NC(=O)NCCn1nc2ccccc2n1,0.68324214220047,1.0
CCc1cccc(-c2nnc(SCCCN3CCC4(CC4c4ccc(C(F)(F)F)cc4)C3)n2C)n1,CCN(c1nc(=NCC2CCCO2)nc(C)[nH]1)c1c(Br)cccc1Br,0.68324214220047,1.0
O=C(C=Cc1ccccc1)OCCCCc1ccccc1,CN1C(C)(C)CC(NC(=O)NCc2cccc(N)c2)CC1(C)C,0.5080059766769409,1.0
O=C(C=Cc1ccccc1)OCCCCc1ccccc1,Cc1ccc(-n2c(C)c(C)c3c(=N)nc(N4CCN(C)CC4)[nH]c32)cc1,0.5005849599838257,1.0
O=C(C=Cc1ccccc1)OCCCCc1ccccc1,O=C(Nc1cc(C(F)(F)F)ccc1Cl)C(c1nc2cc(-c3ccc(F)cc3)ccc2s1)S(=O)(=O)Cc1cccnc1,0.49837619066238403,0.0
O=C(C=Cc1ccccc1)OCCCCc1ccccc1,COc1ccc(-c2nnc(N3CCC(C(=O)Nc4ccccc4F)CC3)s2)cc1,0.5080059766769409,1.0
O=C(C=Cc1ccccc1)OCCCCc1ccccc1,O=C(Cc1ccccc1)C1C(=O)c2cccc3cccc1c23,0.5080059766769409,1.0
O=C(C=Cc1ccccc1)OCCCCc1ccccc1,Clc1ccc2nc(-c3ccncc3)c(NC3CCCCC3)n2c1,0.5080059766769409,1.0
O=C(C=Cc1ccccc1)OCCCCc1ccccc1,CCc1cccc(-c2nnc(SCCCN3CCC4(CC4c4ccc(C(F)(F)F)cc4)C3)n2C)n1,0.32372942566871643,0.0
O=C(C=Cc1ccccc1)OCCCCc1ccccc1,O=C(C=Cc1ccccc1)OCCCCc1ccccc1,0.5,0.0
O=C(C=Cc1ccccc1)OCCCCc1ccccc1,Cc1ccc(Cl)cc1NC(=O)NCCn1nc2ccccc2n1,0.5080059766769409,1.0
O=C(C=Cc1ccccc1)OCCCCc1ccccc1,CCN(c1nc(=NCC2CCCO2)nc(C)[nH]1)c1c(Br)cccc1Br,0.5080059766769409,1.0
Cc1ccc(Cl)cc1NC(=O)NCCn1nc2ccccc2n1,CN1C(C)(C)CC(NC(=O)NCc2cccc(N)c2)CC1(C)C,0.5,0.0
Cc1ccc(Cl)cc1NC(=O)NCCn1nc2ccccc2n1,Cc1ccc(-n2c(C)c(C)c3c(=N)nc(N4CCN(C)CC4)[nH]c32)cc1,0.4925788640975952,0.0
Cc1ccc(Cl)cc1NC(=O)NCCn1nc2ccccc2n1,O=C(Nc1cc(C(F)(F)F)ccc1Cl)C(c1nc2cc(-c3ccc(F)cc3)ccc2s1)S(=O)(=O)Cc1cccnc1,0.4903707206249237,0.0
Cc1ccc(Cl)cc1NC(=O)NCCn1nc2ccccc2n1,COc1ccc(-c2nnc(N3CCC(C(=O)Nc4ccccc4F)CC3)s2)cc1,0.5,0.0
Cc1ccc(Cl)cc1NC(=O)NCCn1nc2ccccc2n1,O=C(Cc1ccccc1)C1C(=O)c2cccc3cccc1c23,0.5,0.0
Cc1ccc(Cl)cc1NC(=O)NCCn1nc2ccccc2n1,Clc1ccc2nc(-c3ccncc3)c(NC3CCCCC3)n2c1,0.5,0.0
Cc1ccc(Cl)cc1NC(=O)NCCn1nc2ccccc2n1,CCc1cccc(-c2nnc(SCCCN3CCC4(CC4c4ccc(C(F)(F)F)cc4)C3)n2C)n1,0.31675782799720764,0.0
Cc1ccc(Cl)cc1NC(=O)NCCn1nc2ccccc2n1,O=C(C=Cc1ccccc1)OCCCCc1ccccc1,0.4919939935207367,0.0
Cc1ccc(Cl)cc1NC(=O)NCCn1nc2ccccc2n1,Cc1ccc(Cl)cc1NC(=O)NCCn1nc2ccccc2n1,0.5,0.0
Cc1ccc(Cl)cc1NC(=O)NCCn1nc2ccccc2n1,CCN(c1nc(=NCC2CCCO2)nc(C)[nH]1)c1c(Br)cccc1Br,0.5,0.0
CCN(c1nc(=NCC2CCCO2)nc(C)[nH]1)c1c(Br)cccc1Br,CN1C(C)(C)CC(NC(=O)NCc2cccc(N)c2)CC1(C)C,0.5,0.0
CCN(c1nc(=NCC2CCCO2)nc(C)[nH]1)c1c(Br)cccc1Br,Cc1ccc(-n2c(C)c(C)c3c(=N)nc(N4CCN(C)CC4)[nH]c32)cc1,0.4925788640975952,0.0
CCN(c1nc(=NCC2CCCO2)nc(C)[nH]1)c1c(Br)cccc1Br,O=C(Nc1cc(C(F)(F)F)ccc1Cl)C(c1nc2cc(-c3ccc(F)cc3)ccc2s1)S(=O)(=O)Cc1cccnc1,0.4903707206249237,0.0
CCN(c1nc(=NCC2CCCO2)nc(C)[nH]1)c1c(Br)cccc1Br,COc1ccc(-c2nnc(N3CCC(C(=O)Nc4ccccc4F)CC3)s2)cc1,0.5,0.0
CCN(c1nc(=NCC2CCCO2)nc(C)[nH]1)c1c(Br)cccc1Br,O=C(Cc1ccccc1)C1C(=O)c2cccc3cccc1c23,0.5,0.0
CCN(c1nc(=NCC2CCCO2)nc(C)[nH]1)c1c(Br)cccc1Br,Clc1ccc2nc(-c3ccncc3)c(NC3CCCCC3)n2c1,0.5,0.0
CCN(c1nc(=NCC2CCCO2)nc(C)[nH]1)c1c(Br)cccc1Br,CCc1cccc(-c2nnc(SCCCN3CCC4(CC4c4ccc(C(F)(F)F)cc4)C3)n2C)n1,0.31675782799720764,0.0
CCN(c1nc(=NCC2CCCO2)nc(C)[nH]1)c1c(Br)cccc1Br,O=C(C=Cc1ccccc1)OCCCCc1ccccc1,0.4919939935207367,0.0
CCN(c1nc(=NCC2CCCO2)nc(C)[nH]1)c1c(Br)cccc1Br,Cc1ccc(Cl)cc1NC(=O)NCCn1nc2ccccc2n1,0.5,0.0
CCN(c1nc(=NCC2CCCO2)nc(C)[nH]1)c1c(Br)cccc1Br,CCN(c1nc(=NCC2CCCO2)nc(C)[nH]1)c1c(Br)cccc1Br,0.5,0.0
CN1CCC2CCCC(NC(=O)c3cnccn3)C2C1,CN1CCC2CCCC(NC(=O)c3cnccn3)C2C1,0.5,0.0
CN1CCC2CCCC(NC(=O)c3cnccn3)C2C1,COc1cc(CNC(=O)CN=C(N)N)ccc1NC(=O)c1cc(-c2cccc(O)c2)ccc1O,0.5476557016372681,1.0
CN1CCC2CCCC(NC(=O)c3cnccn3)C2C1,CC1(C)CCCC2(C)C1CCC1(C)C(O)CCCC12,0.5443514585494995,1.0
CN1CCC2CCCC(NC(=O)c3cnccn3)C2C1,CCCCN(C(Cc1ccccc1)C(=O)NCC1CCCO1)S(=O)(=O)c1ccc(F)cc1,0.5476557016372681,1.0
CN1CCC2CCCC(NC(=O)c3cnccn3)C2C1,c1ccc2c(CN3CCN(Cc4ccc5c(c4)OCO5)CC3)c[nH]c2c1,0.5476557016372681,1.0
CN1CCC2CCCC(NC(=O)c3cnccn3)C2C1,CCOC(=O)N1CCC(N2CCC(Cc3ccc(F)cc3)(C(=O)OCC)CC2)CC1,0.5166463255882263,1.0
CN1CCC2CCCC(NC(=O)c3cnccn3)C2C1,CCNC(=O)N1CCN(C(=C(Cl)Cl)c2ccc(Cl)c(Cl)c2)CC1,0.5476557016372681,1.0
CN1CCC2CCCC(NC(=O)c3cnccn3)C2C1,Clc1ccc(-c2cc(-c3ccccc3)no2)cc1,0.5378396511077881,1.0
CN1CCC2CCCC(NC(=O)c3cnccn3)C2C1,O=C(NC(Cc1ccc([N+](=O)[O-])o1)C(=O)NC(C=CS(=O)(=O)c1ccc(O)c(F)c1)CCc1ccccc1)c1ccc(-c2ccc(F)cc2)cc1,0.5476557016372681,1.0
CN1CCC2CCCC(NC(=O)c3cnccn3)C2C1,NN1C(=O)CSC1c1ccc2c(c1)OCO2,0.5476557016372681,1.0
COc1cc(CNC(=O)CN=C(N)N)ccc1NC(=O)c1cc(-c2cccc(O)c2)ccc1O,CN1CCC2CCCC(NC(=O)c3cnccn3)C2C1,0.4523443281650543,0.0
COc1cc(CNC(=O)CN=C(N)N)ccc1NC(=O)c1cc(-c2cccc(O)c2)ccc1O,COc1cc(CNC(=O)CN=C(N)N)ccc1NC(=O)c1cc(-c2cccc(O)c2)ccc1O,0.5,0.0
COc1cc(CNC(=O)CN=C(N)N)ccc1NC(=O)c1cc(-c2cccc(O)c2)ccc1O,CC1(C)CCCC2(C)C1CCC1(C)C(O)CCCC12,0.4966675639152527,0.0
COc1cc(CNC(=O)CN=C(N)N)ccc1NC(=O)c1cc(-c2cccc(O)c2)ccc1O,CCCCN(C(Cc1ccccc1)C(=O)NCC1CCCO1)S(=O)(=O)c1ccc(F)cc1,0.5,0.0
COc1cc(CNC(=O)CN=C(N)N)ccc1NC(=O)c1cc(-c2cccc(O)c2)ccc1O,c1ccc2c(CN3CCN(Cc4ccc5c(c4)OCO5)CC3)c[nH]c2c1,0.5,0.0
COc1cc(CNC(=O)CN=C(N)N)ccc1NC(=O)c1cc(-c2cccc(O)c2)ccc1O,CCOC(=O)N1CCC(N2CCC(Cc3ccc(F)cc3)(C(=O)OCC)CC2)CC1,0.4688919484615326,0.0
COc1cc(CNC(=O)CN=C(N)N)ccc1NC(=O)c1cc(-c2cccc(O)c2)ccc1O,CCNC(=O)N1CCN(C(=C(Cl)Cl)c2ccc(Cl)c(Cl)c2)CC1,0.5,0.0
COc1cc(CNC(=O)CN=C(N)N)ccc1NC(=O)c1cc(-c2cccc(O)c2)ccc1O,Clc1ccc(-c2cc(-c3ccccc3)no2)cc1,0.49011269211769104,0.0
COc1cc(CNC(=O)CN=C(N)N)ccc1NC(=O)c1cc(-c2cccc(O)c2)ccc1O,O=C(NC(Cc1ccc([N+](=O)[O-])o1)C(=O)NC(C=CS(=O)(=O)c1ccc(O)c(F)c1)CCc1ccccc1)c1ccc(-c2ccc(F)cc2)cc1,0.5,0.0
COc1cc(CNC(=O)CN=C(N)N)ccc1NC(=O)c1cc(-c2cccc(O)c2)ccc1O,NN1C(=O)CSC1c1ccc2c(c1)OCO2,0.5,0.0
CC1(C)CCCC2(C)C1CCC1(C)C(O)CCCC12,CN1CCC2CCCC(NC(=O)c3cnccn3)C2C1,0.4556485414505005,0.0
CC1(C)CCCC2(C)C1CCC1(C)C(O)CCCC12,COc1cc(CNC(=O)CN=C(N)N)ccc1NC(=O)c1cc(-c2cccc(O)c2)ccc1O,0.5033324360847473,1.0
CC1(C)CCCC2(C)C1CCC1(C)C(O)CCCC12,CC1(C)CCCC2(C)C1CCC1(C)C(O)CCCC12,0.5,0.0
CC1(C)CCCC2(C)C1CCC1(C)C(O)CCCC12,CCCCN(C(Cc1ccccc1)C(=O)NCC1CCCO1)S(=O)(=O)c1ccc(F)cc1,0.5033324360847473,1.0
CC1(C)CCCC2(C)C1CCC1(C)C(O)CCCC12,c1ccc2c(CN3CCN(Cc4ccc5c(c4)OCO5)CC3)c[nH]c2c1,0.5033324360847473,1.0
CC1(C)CCCC2(C)C1CCC1(C)C(O)CCCC12,CCOC(=O)N1CCC(N2CCC(Cc3ccc(F)cc3)(C(=O)OCC)CC2)CC1,0.47221285104751587,0.0
CC1(C)CCCC2(C)C1CCC1(C)C(O)CCCC12,CCNC(=O)N1CCN(C(=C(Cl)Cl)c2ccc(Cl)c(Cl)c2)CC1,0.5033324360847473,1.0
CC1(C)CCCC2(C)C1CCC1(C)C(O)CCCC12,Clc1ccc(-c2cc(-c3ccccc3)no2)cc1,0.4934442341327667,0.0
CC1(C)CCCC2(C)C1CCC1(C)C(O)CCCC12,O=C(NC(Cc1ccc([N+](=O)[O-])o1)C(=O)NC(C=CS(=O)(=O)c1ccc(O)c(F)c1)CCc1ccccc1)c1ccc(-c2ccc(F)cc2)cc1,0.5033324360847473,1.0
CC1(C)CCCC2(C)C1CCC1(C)C(O)CCCC12,NN1C(=O)CSC1c1ccc2c(c1)OCO2,0.5033324360847473,1.0
CCCCN(C(Cc1ccccc1)C(=O)NCC1CCCO1)S(=O)(=O)c1ccc(F)cc1,CN1CCC2CCCC(NC(=O)c3cnccn3)C2C1,0.4523443281650543,0.0
CCCCN(C(Cc1ccccc1)C(=O)NCC1CCCO1)S(=O)(=O)c1ccc(F)cc1,COc1cc(CNC(=O)CN=C(N)N)ccc1NC(=O)c1cc(-c2cccc(O)c2)ccc1O,0.5,0.0
CCCCN(C(Cc1ccccc1)C(=O)NCC1CCCO1)S(=O)(=O)c1ccc(F)cc1,CC1(C)CCCC2(C)C1CCC1(C)C(O)CCCC12,0.4966675639152527,0.0
CCCCN(C(Cc1ccccc1)C(=O)NCC1CCCO1)S(=O)(=O)c1ccc(F)cc1,CCCCN(C(Cc1ccccc1)C(=O)NCC1CCCO1)S(=O)(=O)c1ccc(F)cc1,0.5,0.0
CCCCN(C(Cc1ccccc1)C(=O)NCC1CCCO1)S(=O)(=O)c1ccc(F)cc1,c1ccc2c(CN3CCN(Cc4ccc5c(c4)OCO5)CC3)c[nH]c2c1,0.5,0.0
CCCCN(C(Cc1ccccc1)C(=O)NCC1CCCO1)S(=O)(=O)c1ccc(F)cc1,CCOC(=O)N1CCC(N2CCC(Cc3ccc(F)cc3)(C(=O)OCC)CC2)CC1,0.4688919484615326,0.0
CCCCN(C(Cc1ccccc1)C(=O)NCC1CCCO1)S(=O)(=O)c1ccc(F)cc1,CCNC(=O)N1CCN(C(=C(Cl)Cl)c2ccc(Cl)c(Cl)c2)CC1,0.5,0.0
CCCCN(C(Cc1ccccc1)C(=O)NCC1CCCO1)S(=O)(=O)c1ccc(F)cc1,Clc1ccc(-c2cc(-c3ccccc3)no2)cc1,0.49011269211769104,0.0
CCCCN(C(Cc1ccccc1)C(=O)NCC1CCCO1)S(=O)(=O)c1ccc(F)cc1,O=C(NC(Cc1ccc([N+](=O)[O-])o1)C(=O)NC(C=CS(=O)(=O)c1ccc(O)c(F)c1)CCc1ccccc1)c1ccc(-c2ccc(F)cc2)cc1,0.5,0.0
CCCCN(C(Cc1ccccc1)C(=O)NCC1CCCO1)S(=O)(=O)c1ccc(F)cc1,NN1C(=O)CSC1c1ccc2c(c1)OCO2,0.5,0.0
c1ccc2c(CN3CCN(Cc4ccc5c(c4)OCO5)CC3)c[nH]c2c1,CN1CCC2CCCC(NC(=O)c3cnccn3)C2C1,0.4523443281650543,0.0
c1ccc2c(CN3CCN(Cc4ccc5c(c4)OCO5)CC3)c[nH]c2c1,COc1cc(CNC(=O)CN=C(N)N)ccc1NC(=O)c1cc(-c2cccc(O)c2)ccc1O,0.5,0.0
c1ccc2c(CN3CCN(Cc4ccc5c(c4)OCO5)CC3)c[nH]c2c1,CC1(C)CCCC2(C)C1CCC1(C)C(O)CCCC12,0.4966675639152527,0.0
c1ccc2c(CN3CCN(Cc4ccc5c(c4)OCO5)CC3)c[nH]c2c1,CCCCN(C(Cc1ccccc1)C(=O)NCC1CCCO1)S(=O)(=O)c1ccc(F)cc1,0.5,0.0
c1ccc2c(CN3CCN(Cc4ccc5c(c4)OCO5)CC3)c[nH]c2c1,c1ccc2c(CN3CCN(Cc4ccc5c(c4)OCO5)CC3)c[nH]c2c1,0.5,0.0
c1ccc2c(CN3CCN(Cc4ccc5c(c4)OCO5)CC3)c[nH]c2c1,CCOC(=O)N1CCC(N2CCC(Cc3ccc(F)cc3)(C(=O)OCC)CC2)CC1,0.4688919484615326,0.0
c1ccc2c(CN3CCN(Cc4ccc5c(c4)OCO5)CC3)c[nH]c2c1,CCNC(=O)N1CCN(C(=C(Cl)Cl)c2ccc(Cl)c(Cl)c2)CC1,0.5,0.0
c1ccc2c(CN3CCN(Cc4ccc5c(c4)OCO5)CC3)c[nH]c2c1,Clc1ccc(-c2cc(-c3ccccc3)no2)cc1,0.49011269211769104,0.0
c1ccc2c(CN3CCN(Cc4ccc5c(c4)OCO5)CC3)c[nH]c2c1,O=C(NC(Cc1ccc([N+](=O)[O-])o1)C(=O)NC(C=CS(=O)(=O)c1ccc(O)c(F)c1)CCc1ccccc1)c1ccc(-c2ccc(F)cc2)cc1,0.5,0.0
c1ccc2c(CN3CCN(Cc4ccc5c(c4)OCO5)CC3)c[nH]c2c1,NN1C(=O)CSC1c1ccc2c(c1)OCO2,0.5,0.0
CCOC(=O)N1CCC(N2CCC(Cc3ccc(F)cc3)(C(=O)OCC)CC2)CC1,CN1CCC2CCCC(NC(=O)c3cnccn3)C2C1,0.4833536148071289,0.0
CCOC(=O)N1CCC(N2CCC(Cc3ccc(F)cc3)(C(=O)OCC)CC2)CC1,COc1cc(CNC(=O)CN=C(N)N)ccc1NC(=O)c1cc(-c2cccc(O)c2)ccc1O,0.531108021736145,1.0
CCOC(=O)N1CCC(N2CCC(Cc3ccc(F)cc3)(C(=O)OCC)CC2)CC1,CC1(C)CCCC2(C)C1CCC1(C)C(O)CCCC12,0.5277871489524841,1.0
CCOC(=O)N1CCC(N2CCC(Cc3ccc(F)cc3)(C(=O)OCC)CC2)CC1,CCCCN(C(Cc1ccccc1)C(=O)NCC1CCCO1)S(=O)(=O)c1ccc(F)cc1,0.531108021736145,1.0
CCOC(=O)N1CCC(N2CCC(Cc3ccc(F)cc3)(C(=O)OCC)CC2)CC1,c1ccc2c(CN3CCN(Cc4ccc5c(c4)OCO5)CC3)c[nH]c2c1,0.531108021736145,1.0
CCOC(=O)N1CCC(N2CCC(Cc3ccc(F)cc3)(C(=O)OCC)CC2)CC1,CCOC(=O)N1CCC(N2CCC(Cc3ccc(F)cc3)(C(=O)OCC)CC2)CC1,0.5,0.0
CCOC(=O)N1CCC(N2CCC(Cc3ccc(F)cc3)(C(=O)OCC)CC2)CC1,CCNC(=O)N1CCN(C(=C(Cl)Cl)c2ccc(Cl)c(Cl)c2)CC1,0.531108021736145,1.0
CCOC(=O)N1CCC(N2CCC(Cc3ccc(F)cc3)(C(=O)OCC)CC2)CC1,Clc1ccc(-c2cc(-c3ccccc3)no2)cc1,0.5212468504905701,1.0
CCOC(=O)N1CCC(N2CCC(Cc3ccc(F)cc3)(C(=O)OCC)CC2)CC1,O=C(NC(Cc1ccc([N+](=O)[O-])o1)C(=O)NC(C=CS(=O)(=O)c1ccc(O)c(F)c1)CCc1ccccc1)c1ccc(-c2ccc(F)cc2)cc1,0.531108021736145,1.0
CCOC(=O)N1CCC(N2CCC(Cc3ccc(F)cc3)(C(=O)OCC)CC2)CC1,NN1C(=O)CSC1c1ccc2c(c1)OCO2,0.531108021736145,1.0
CCNC(=O)N1CCN(C(=C(Cl)Cl)c2ccc(Cl)c(Cl)c2)CC1,CN1CCC2CCCC(NC(=O)c3cnccn3)C2C1,0.4523443281650543,0.0
CCNC(=O)N1CCN(C(=C(Cl)Cl)c2ccc(Cl)c(Cl)c2)CC1,COc1cc(CNC(=O)CN=C(N)N)ccc1NC(=O)c1cc(-c2cccc(O)c2)ccc1O,0.5,0.0
CCNC(=O)N1CCN(C(=C(Cl)Cl)c2ccc(Cl)c(Cl)c2)CC1,CC1(C)CCCC2(C)C1CCC1(C)C(O)CCCC12,0.4966675639152527,0.0
CCNC(=O)N1CCN(C(=C(Cl)Cl)c2ccc(Cl)c(Cl)c2)CC1,CCCCN(C(Cc1ccccc1)C(=O)NCC1CCCO1)S(=O)(=O)c1ccc(F)cc1,0.5,0.0
CCNC(=O)N1CCN(C(=C(Cl)Cl)c2ccc(Cl)c(Cl)c2)CC1,c1ccc2c(CN3CCN(Cc4ccc5c(c4)OCO5)CC3)c[nH]c2c1,0.5,0.0
CCNC(=O)N1CCN(C(=C(Cl)Cl)c2ccc(Cl)c(Cl)c2)CC1,CCOC(=O)N1CCC(N2CCC(Cc3ccc(F)cc3)(C(=O)OCC)CC2)CC1,0.4688919484615326,0.0
CCNC(=O)N1CCN(C(=C(Cl)Cl)c2ccc(Cl)c(Cl)c2)CC1,CCNC(=O)N1CCN(C(=C(Cl)Cl)c2ccc(Cl)c(Cl)c2)CC1,0.5,0.0
CCNC(=O)N1CCN(C(=C(Cl)Cl)c2ccc(Cl)c(Cl)c2)CC1,Clc1ccc(-c2cc(-c3ccccc3)no2)cc1,0.49011269211769104,0.0
CCNC(=O)N1CCN(C(=C(Cl)Cl)c2ccc(Cl)c(Cl)c2)CC1,O=C(NC(Cc1ccc([N+](=O)[O-])o1)C(=O)NC(C=CS(=O)(=O)c1ccc(O)c(F)c1)CCc1ccccc1)c1ccc(-c2ccc(F)cc2)cc1,0.5,0.0
CCNC(=O)N1CCN(C(=C(Cl)Cl)c2ccc(Cl)c(Cl)c2)CC1,NN1C(=O)CSC1c1ccc2c(c1)OCO2,0.5,0.0
Clc1ccc(-c2cc(-c3ccccc3)no2)cc1,CN1CCC2CCCC(NC(=O)c3cnccn3)C2C1,0.4621603190898895,0.0
Clc1ccc(-c2cc(-c3ccccc3)no2)cc1,COc1cc(CNC(=O)CN=C(N)N)ccc1NC(=O)c1cc(-c2cccc(O)c2)ccc1O,0.5098873376846313,1.0
Clc1ccc(-c2cc(-c3ccccc3)no2)cc1,CC1(C)CCCC2(C)C1CCC1(C)C(O)CCCC12,0.5065557360649109,1.0
Clc1ccc(-c2cc(-c3ccccc3)no2)cc1,CCCCN(C(Cc1ccccc1)C(=O)NCC1CCCO1)S(=O)(=O)c1ccc(F)cc1,0.5098873376846313,1.0
Clc1ccc(-c2cc(-c3ccccc3)no2)cc1,c1ccc2c(CN3CCN(Cc4ccc5c(c4)OCO5)CC3)c[nH]c2c1,0.5098873376846313,1.0
Clc1ccc(-c2cc(-c3ccccc3)no2)cc1,CCOC(=O)N1CCC(N2CCC(Cc3ccc(F)cc3)(C(=O)OCC)CC2)CC1,0.4787531793117523,0.0
Clc1ccc(-c2cc(-c3ccccc3)no2)cc1,CCNC(=O)N1CCN(C(=C(Cl)Cl)c2ccc(Cl)c(Cl)c2)CC1,0.5098873376846313,1.0
Clc1ccc(-c2cc(-c3ccccc3)no2)cc1,Clc1ccc(-c2cc(-c3ccccc3)no2)cc1,0.5,0.0
Clc1ccc(-c2cc(-c3ccccc3)no2)cc1,O=C(NC(Cc1ccc([N+](=O)[O-])o1)C(=O)NC(C=CS(=O)(=O)c1ccc(O)c(F)c1)CCc1ccccc1)c1ccc(-c2ccc(F)cc2)cc1,0.5098873376846313,1.0
Clc1ccc(-c2cc(-c3ccccc3)no2)cc1,NN1C(=O)CSC1c1ccc2c(c1)OCO2,0.5098873376846313,1.0
O=C(NC(Cc1ccc([N+](=O)[O-])o1)C(=O)NC(C=CS(=O)(=O)c1ccc(O)c(F)c1)CCc1ccccc1)c1ccc(-c2ccc(F)cc2)cc1,CN1CCC2CCCC(NC(=O)c3cnccn3)C2C1,0.4523443281650543,0.0
O=C(NC(Cc1ccc([N+](=O)[O-])o1)C(=O)NC(C=CS(=O)(=O)c1ccc(O)c(F)c1)CCc1ccccc1)c1ccc(-c2ccc(F)cc2)cc1,COc1cc(CNC(=O)CN=C(N)N)ccc1NC(=O)c1cc(-c2cccc(O)c2)ccc1O,0.5,0.0
O=C(NC(Cc1ccc([N+](=O)[O-])o1)C(=O)NC(C=CS(=O)(=O)c1ccc(O)c(F)c1)CCc1ccccc1)c1ccc(-c2ccc(F)cc2)cc1,CC1(C)CCCC2(C)C1CCC1(C)C(O)CCCC12,0.4966675639152527,0.0
O=C(NC(Cc1ccc([N+](=O)[O-])o1)C(=O)NC(C=CS(=O)(=O)c1ccc(O)c(F)c1)CCc1ccccc1)c1ccc(-c2ccc(F)cc2)cc1,CCCCN(C(Cc1ccccc1)C(=O)NCC1CCCO1)S(=O)(=O)c1ccc(F)cc1,0.5,0.0
O=C(NC(Cc1ccc([N+](=O)[O-])o1)C(=O)NC(C=CS(=O)(=O)c1ccc(O)c(F)c1)CCc1ccccc1)c1ccc(-c2ccc(F)cc2)cc1,c1ccc2c(CN3CCN(Cc4ccc5c(c4)OCO5)CC3)c[nH]c2c1,0.5,0.0
O=C(NC(Cc1ccc([N+](=O)[O-])o1)C(=O)NC(C=CS(=O)(=O)c1ccc(O)c(F)c1)CCc1ccccc1)c1ccc(-c2ccc(F)cc2)cc1,CCOC(=O)N1CCC(N2CCC(Cc3ccc(F)cc3)(C(=O)OCC)CC2)CC1,0.4688919484615326,0.0
O=C(NC(Cc1ccc([N+](=O)[O-])o1)C(=O)NC(C=CS(=O)(=O)c1ccc(O)c(F)c1)CCc1ccccc1)c1ccc(-c2ccc(F)cc2)cc1,CCNC(=O)N1CCN(C(=C(Cl)Cl)c2ccc(Cl)c(Cl)c2)CC1,0.5,0.0
O=C(NC(Cc1ccc([N+](=O)[O-])o1)C(=O)NC(C=CS(=O)(=O)c1ccc(O)c(F)c1)CCc1ccccc1)c1ccc(-c2ccc(F)cc2)cc1,Clc1ccc(-c2cc(-c3ccccc3)no2)cc1,0.49011269211769104,0.0
O=C(NC(Cc1ccc([N+](=O)[O-])o1)C(=O)NC(C=CS(=O)(=O)c1ccc(O)c(F)c1)CCc1ccccc1)c1ccc(-c2ccc(F)cc2)cc1,O=C(NC(Cc1ccc([N+](=O)[O-])o1)C(=O)NC(C=CS(=O)(=O)c1ccc(O)c(F)c1)CCc1ccccc1)c1ccc(-c2ccc(F)cc2)cc1,0.5,0.0
O=C(NC(Cc1ccc([N+](=O)[O-])o1)C(=O)NC(C=CS(=O)(=O)c1ccc(O)c(F)c1)CCc1ccccc1)c1ccc(-c2ccc(F)cc2)cc1,NN1C(=O)CSC1c1ccc2c(c1)OCO2,0.5,0.0
NN1C(=O)CSC1c1ccc2c(c1)OCO2,CN1CCC2CCCC(NC(=O)c3cnccn3)C2C1,0.4523443281650543,0.0
NN1C(=O)CSC1c1ccc2c(c1)OCO2,COc1cc(CNC(=O)CN=C(N)N)ccc1NC(=O)c1cc(-c2cccc(O)c2)ccc1O,0.5,0.0
NN1C(=O)CSC1c1ccc2c(c1)OCO2,CC1(C)CCCC2(C)C1CCC1(C)C(O)CCCC12,0.4966675639152527,0.0
NN1C(=O)CSC1c1ccc2c(c1)OCO2,CCCCN(C(Cc1ccccc1)C(=O)NCC1CCCO1)S(=O)(=O)c1ccc(F)cc1,0.5,0.0
NN1C(=O)CSC1c1ccc2c(c1)OCO2,c1ccc2c(CN3CCN(Cc4ccc5c(c4)OCO5)CC3)c[nH]c2c1,0.5,0.0
NN1C(=O)CSC1c1ccc2c(c1)OCO2,CCOC(=O)N1CCC(N2CCC(Cc3ccc(F)cc3)(C(=O)OCC)CC2)CC1,0.4688919484615326,0.0
NN1C(=O)CSC1c1ccc2c(c1)OCO2,CCNC(=O)N1CCN(C(=C(Cl)Cl)c2ccc(Cl)c(Cl)c2)CC1,0.5,0.0
NN1C(=O)CSC1c1ccc2c(c1)OCO2,Clc1ccc(-c2cc(-c3ccccc3)no2)cc1,0.49011269211769104,0.0
NN1C(=O)CSC1c1ccc2c(c1)OCO2,O=C(NC(Cc1ccc([N+](=O)[O-])o1)C(=O)NC(C=CS(=O)(=O)c1ccc(O)c(F)c1)CCc1ccccc1)c1ccc(-c2ccc(F)cc2)cc1,0.5,0.0
NN1C(=O)CSC1c1ccc2c(c1)OCO2,NN1C(=O)CSC1c1ccc2c(c1)OCO2,0.5,0.0
CN1C(N)=NC(C)(c2sc(-c3ccc(C(F)(F)F)c(Cl)c3)cc2Cl)CS1(=O)=O,CN1C(N)=NC(C)(c2sc(-c3ccc(C(F)(F)F)c(Cl)c3)cc2Cl)CS1(=O)=O,0.5,0.0
CN1C(N)=NC(C)(c2sc(-c3ccc(C(F)(F)F)c(Cl)c3)cc2Cl)CS1(=O)=O,COc1ccc(C=CC(=O)N2CCN(c3ccccn3)CC2)cc1COc1cccc(C(=N)N)c1,0.45309245586395264,0.0
CN1C(N)=NC(C)(c2sc(-c3ccc(C(F)(F)F)c(Cl)c3)cc2Cl)CS1(=O)=O,Cn1cc(NC(=O)c2ccc(-c3noc(C(F)(F)F)n3)cc2)cn1,0.5,0.0
CN1C(N)=NC(C)(c2sc(-c3ccc(C(F)(F)F)c(Cl)c3)cc2Cl)CS1(=O)=O,CN1CC2(C(=O)Oc3cccc4c3N2CCCS4)C(=O)N1C,0.5,0.0
CN1C(N)=NC(C)(c2sc(-c3ccc(C(F)(F)F)c(Cl)c3)cc2Cl)CS1(=O)=O,Cc1c[nH]c(C)c1-c1cc[nH]c(=NCc2cccnc2)n1,0.47703588008880615,0.0
CN1C(N)=NC(C)(c2sc(-c3ccc(C(F)(F)F)c(Cl)c3)cc2Cl)CS1(=O)=O,CCCCCCC(CCC(=O)OCC)N1Cc2c([nH]c3ccccc23)CC1C(=O)NC(CCCCN)C(=O)OC(C)(C)C,0.5,0.0
CN1C(N)=NC(C)(c2sc(-c3ccc(C(F)(F)F)c(Cl)c3)cc2Cl)CS1(=O)=O,CCOc1ccc(CNC(C)Cc2ccccc2)cc1OC,0.4931526184082031,0.0
CN1C(N)=NC(C)(c2sc(-c3ccc(C(F)(F)F)c(Cl)c3)cc2Cl)CS1(=O)=O,CCn1nc(C(=O)NCCOC)c2c(C)n(-c3ccccc3)c(C)c2c1=O,0.5,0.0
CN1C(N)=NC(C)(c2sc(-c3ccc(C(F)(F)F)c(Cl)c3)cc2Cl)CS1(=O)=O,CC(C)(C)c1ccc(S(=O)(=O)NCCOc2cc(=NC(c3ccccc3)c3ccccc3)nc[nH]2)cc1,0.5,0.0
CN1C(N)=NC(C)(c2sc(-c3ccc(C(F)(F)F)c(Cl)c3)cc2Cl)CS1(=O)=O,O=C(Nc1ccccc1)C1CSc2c(C3CC3)c(Cc3ccccc3)cc(=O)n21,0.4947785437107086,0.0
COc1ccc(C=CC(=O)N2CCN(c3ccccn3)CC2)cc1COc1cccc(C(=N)N)c1,CN1C(N)=NC(C)(c2sc(-c3ccc(C(F)(F)F)c(Cl)c3)cc2Cl)CS1(=O)=O,0.5469075441360474,1.0
COc1ccc(C=CC(=O)N2CCN(c3ccccn3)CC2)cc1COc1cccc(C(=N)N)c1,COc1ccc(C=CC(=O)N2CCN(c3ccccn3)CC2)cc1COc1cccc(C(=N)N)c1,0.5,0.0
COc1ccc(C=CC(=O)N2CCN(c3ccccn3)CC2)cc1COc1cccc(C(=N)N)c1,Cn1cc(NC(=O)c2ccc(-c3noc(C(F)(F)F)n3)cc2)cn1,0.5469075441360474,1.0
COc1ccc(C=CC(=O)N2CCN(c3ccccn3)CC2)cc1COc1cccc(C(=N)N)c1,CN1CC2(C(=O)Oc3cccc4c3N2CCCS4)C(=O)N1C,0.5469075441360474,1.0
COc1ccc(C=CC(=O)N2CCN(c3ccccn3)CC2)cc1COc1cccc(C(=N)N)c1,Cc1c[nH]c(C)c1-c1cc[nH]c(=NCc2cccnc2)n1,0.5240470170974731,1.0
COc1ccc(C=CC(=O)N2CCN(c3ccccn3)CC2)cc1COc1cccc(C(=N)N)c1,CCCCCCC(CCC(=O)OCC)N1Cc2c([nH]c3ccccc23)CC1C(=O)NC(CCCCN)C(=O)OC(C)(C)C,0.5469075441360474,1.0
COc1ccc(C=CC(=O)N2CCN(c3ccccn3)CC2)cc1COc1cccc(C(=N)N)c1,CCOc1ccc(CNC(C)Cc2ccccc2)cc1OC,0.5401116609573364,1.0
COc1ccc(C=CC(=O)N2CCN(c3ccccn3)CC2)cc1COc1cccc(C(=N)N)c1,CCn1nc(C(=O)NCCOC)c2c(C)n(-c3ccccc3)c(C)c2c1=O,0.5469075441360474,1.0
COc1ccc(C=CC(=O)N2CCN(c3ccccn3)CC2)cc1COc1cccc(C(=N)N)c1,CC(C)(C)c1ccc(S(=O)(=O)NCCOc2cc(=NC(c3ccccc3)c3ccccc3)nc[nH]2)cc1,0.5469075441360474,1.0
COc1ccc(C=CC(=O)N2CCN(c3ccccn3)CC2)cc1COc1cccc(C(=N)N)c1,O=C(Nc1ccccc1)C1CSc2c(C3CC3)c(Cc3ccccc3)cc(=O)n21,0.5417269468307495,1.0
Cn1cc(NC(=O)c2ccc(-c3noc(C(F)(F)F)n3)cc2)cn1,CN1C(N)=NC(C)(c2sc(-c3ccc(C(F)(F)F)c(Cl)c3)cc2Cl)CS1(=O)=O,0.5,0.0
Cn1cc(NC(=O)c2ccc(-c3noc(C(F)(F)F)n3)cc2)cn1,COc1ccc(C=CC(=O)N2CCN(c3ccccn3)CC2)cc1COc1cccc(C(=N)N)c1,0.45309245586395264,0.0
Cn1cc(NC(=O)c2ccc(-c3noc(C(F)(F)F)n3)cc2)cn1,Cn1cc(NC(=O)c2ccc(-c3noc(C(F)(F)F)n3)cc2)cn1,0.5,0.0
Cn1cc(NC(=O)c2ccc(-c3noc(C(F)(F)F)n3)cc2)cn1,CN1CC2(C(=O)Oc3cccc4c3N2CCCS4)C(=O)N1C,0.5,0.0
Cn1cc(NC(=O)c2ccc(-c3noc(C(F)(F)F)n3)cc2)cn1,Cc1c[nH]c(C)c1-c1cc[nH]c(=NCc2cccnc2)n1,0.47703588008880615,0.0
Cn1cc(NC(=O)c2ccc(-c3noc(C(F)(F)F)n3)cc2)cn1,CCCCCCC(CCC(=O)OCC)N1Cc2c([nH]c3ccccc23)CC1C(=O)NC(CCCCN)C(=O)OC(C)(C)C,0.5,0.0
Cn1cc(NC(=O)c2ccc(-c3noc(C(F)(F)F)n3)cc2)cn1,CCOc1ccc(CNC(C)Cc2ccccc2)cc1OC,0.4931526184082031,0.0
Cn1cc(NC(=O)c2ccc(-c3noc(C(F)(F)F)n3)cc2)cn1,CCn1nc(C(=O)NCCOC)c2c(C)n(-c3ccccc3)c(C)c2c1=O,0.5,0.0
Cn1cc(NC(=O)c2ccc(-c3noc(C(F)(F)F)n3)cc2)cn1,CC(C)(C)c1ccc(S(=O)(=O)NCCOc2cc(=NC(c3ccccc3)c3ccccc3)nc[nH]2)cc1,0.5,0.0
Cn1cc(NC(=O)c2ccc(-c3noc(C(F)(F)F)n3)cc2)cn1,O=C(Nc1ccccc1)C1CSc2c(C3CC3)c(Cc3ccccc3)cc(=O)n21,0.4947785437107086,0.0
CN1CC2(C(=O)Oc3cccc4c3N2CCCS4)C(=O)N1C,CN1C(N)=NC(C)(c2sc(-c3ccc(C(F)(F)F)c(Cl)c3)cc2Cl)CS1(=O)=O,0.5,0.0
CN1CC2(C(=O)Oc3cccc4c3N2CCCS4)C(=O)N1C,COc1ccc(C=CC(=O)N2CCN(c3ccccn3)CC2)cc1COc1cccc(C(=N)N)c1,0.45309245586395264,0.0
CN1CC2(C(=O)Oc3cccc4c3N2CCCS4)C(=O)N1C,Cn1cc(NC(=O)c2ccc(-c3noc(C(F)(F)F)n3)cc2)cn1,0.5,0.0
CN1CC2(C(=O)Oc3cccc4c3N2CCCS4)C(=O)N1C,CN1CC2(C(=O)Oc3cccc4c3N2CCCS4)C(=O)N1C,0.5,0.0
CN1CC2(C(=O)Oc3cccc4c3N2CCCS4)C(=O)N1C,Cc1c[nH]c(C)c1-c1cc[nH]c(=NCc2cccnc2)n1,0.47703588008880615,0.0
CN1CC2(C(=O)Oc3cccc4c3N2CCCS4)C(=O)N1C,CCCCCCC(CCC(=O)OCC)N1Cc2c([nH]c3ccccc23)CC1C(=O)NC(CCCCN)C(=O)OC(C)(C)C,0.5,0.0
CN1CC2(C(=O)Oc3cccc4c3N2CCCS4)C(=O)N1C,CCOc1ccc(CNC(C)Cc2ccccc2)cc1OC,0.4931526184082031,0.0
CN1CC2(C(=O)Oc3cccc4c3N2CCCS4)C(=O)N1C,CCn1nc(C(=O)NCCOC)c2c(C)n(-c3ccccc3)c(C)c2c1=O,0.5,0.0
CN1CC2(C(=O)Oc3cccc4c3N2CCCS4)C(=O)N1C,CC(C)(C)c1ccc(S(=O)(=O)NCCOc2cc(=NC(c3ccccc3)c3ccccc3)nc[nH]2)cc1,0.5,0.0
CN1CC2(C(=O)Oc3cccc4c3N2CCCS4)C(=O)N1C,O=C(Nc1ccccc1)C1CSc2c(C3CC3)c(Cc3ccccc3)cc(=O)n21,0.4947785437107086,0.0
Cc1c[nH]c(C)c1-c1cc[nH]c(=NCc2cccnc2)n1,CN1C(N)=NC(C)(c2sc(-c3ccc(C(F)(F)F)c(Cl)c3)cc2Cl)CS1(=O)=O,0.5229641199111938,1.0
Cc1c[nH]c(C)c1-c1cc[nH]c(=NCc2cccnc2)n1,COc1ccc(C=CC(=O)N2CCN(c3ccccn3)CC2)cc1COc1cccc(C(=N)N)c1,0.47595295310020447,0.0
Cc1c[nH]c(C)c1-c1cc[nH]c(=NCc2cccnc2)n1,Cn1cc(NC(=O)c2ccc(-c3noc(C(F)(F)F)n3)cc2)cn1,0.5229641199111938,1.0
Cc1c[nH]c(C)c1-c1cc[nH]c(=NCc2cccnc2)n1,CN1CC2(C(=O)Oc3cccc4c3N2CCCS4)C(=O)N1C,0.5229641199111938,1.0
Cc1c[nH]c(C)c1-c1cc[nH]c(=NCc2cccnc2)n1,Cc1c[nH]c(C)c1-c1cc[nH]c(=NCc2cccnc2)n1,0.5,0.0
Cc1c[nH]c(C)c1-c1cc[nH]c(=NCc2cccnc2)n1,CCCCCCC(CCC(=O)OCC)N1Cc2c([nH]c3ccccc23)CC1C(=O)NC(CCCCN)C(=O)OC(C)(C)C,0.5229641199111938,1.0
Cc1c[nH]c(C)c1-c1cc[nH]c(=NCc2cccnc2)n1,CCOc1ccc(CNC(C)Cc2ccccc2)cc1OC,0.5161268711090088,1.0
Cc1c[nH]c(C)c1-c1cc[nH]c(=NCc2cccnc2)n1,CCn1nc(C(=O)NCCOC)c2c(C)n(-c3ccccc3)c(C)c2c1=O,0.5229641199111938,1.0
Cc1c[nH]c(C)c1-c1cc[nH]c(=NCc2cccnc2)n1,CC(C)(C)c1ccc(S(=O)(=O)NCCOc2cc(=NC(c3ccccc3)c3ccccc3)nc[nH]2)cc1,0.5229641199111938,1.0
Cc1c[nH]c(C)c1-c1cc[nH]c(=NCc2cccnc2)n1,O=C(Nc1ccccc1)C1CSc2c(C3CC3)c(Cc3ccccc3)cc(=O)n21,0.517751157283783,1.0
CCCCCCC(CCC(=O)OCC)N1Cc2c([nH]c3ccccc23)CC1C(=O)NC(CCCCN)C(=O)OC(C)(C)C,CN1C(N)=NC(C)(c2sc(-c3ccc(C(F)(F)F)c(Cl)c3)cc2Cl)CS1(=O)=O,0.5,0.0
CCCCCCC(CCC(=O)OCC)N1Cc2c([nH]c3ccccc23)CC1C(=O)NC(CCCCN)C(=O)OC(C)(C)C,COc1ccc(C=CC(=O)N2CCN(c3ccccn3)CC2)cc1COc1cccc(C(=N)N)c1,0.45309245586395264,0.0
CCCCCCC(CCC(=O)OCC)N1Cc2c([nH]c3ccccc23)CC1C(=O)NC(CCCCN)C(=O)OC(C)(C)C,Cn1cc(NC(=O)c2ccc(-c3noc(C(F)(F)F)n3)cc2)cn1,0.5,0.0
CCCCCCC(CCC(=O)OCC)N1Cc2c([nH]c3ccccc23)CC1C(=O)NC(CCCCN)C(=O)OC(C)(C)C,CN1CC2(C(=O)Oc3cccc4c3N2CCCS4)C(=O)N1C,0.5,0.0
CCCCCCC(CCC(=O)OCC)N1Cc2c([nH]c3ccccc23)CC1C(=O)NC(CCCCN)C(=O)OC(C)(C)C,Cc1c[nH]c(C)c1-c1cc[nH]c(=NCc2cccnc2)n1,0.47703588008880615,0.0
CCCCCCC(CCC(=O)OCC)N1Cc2c([nH]c3ccccc23)CC1C(=O)NC(CCCCN)C(=O)OC(C)(C)C,CCCCCCC(CCC(=O)OCC)N1Cc2c([nH]c3ccccc23)CC1C(=O)NC(CCCCN)C(=O)OC(C)(C)C,0.5,0.0
CCCCCCC(CCC(=O)OCC)N1Cc2c([nH]c3ccccc23)CC1C(=O)NC(CCCCN)C(=O)OC(C)(C)C,CCOc1ccc(CNC(C)Cc2ccccc2)cc1OC,0.4931526184082031,0.0
CCCCCCC(CCC(=O)OCC)N1Cc2c([nH]c3ccccc23)CC1C(=O)NC(CCCCN)C(=O)OC(C)(C)C,CCn1nc(C(=O)NCCOC)c2c(C)n(-c3ccccc3)c(C)c2c1=O,0.5,0.0
CCCCCCC(CCC(=O)OCC)N1Cc2c([nH]c3ccccc23)CC1C(=O)NC(CCCCN)C(=O)OC(C)(C)C,CC(C)(C)c1ccc(S(=O)(=O)NCCOc2cc(=NC(c3ccccc3)c3ccccc3)nc[nH]2)cc1,0.5,0.0
CCCCCCC(CCC(=O)OCC)N1Cc2c([nH]c3ccccc23)CC1C(=O)NC(CCCCN)C(=O)OC(C)(C)C,O=C(Nc1ccccc1)C1CSc2c(C3CC3)c(Cc3ccccc3)cc(=O)n21,0.4947785437107086,0.0
CCOc1ccc(CNC(C)Cc2ccccc2)cc1OC,CN1C(N)=NC(C)(c2sc(-c3ccc(C(F)(F)F)c(Cl)c3)cc2Cl)CS1(=O)=O,0.5068473815917969,1.0
CCOc1ccc(CNC(C)Cc2ccccc2)cc1OC,COc1ccc(C=CC(=O)N2CCN(c3ccccn3)CC2)cc1COc1cccc(C(=N)N)c1,0.4598883390426636,0.0
CCOc1ccc(CNC(C)Cc2ccccc2)cc1OC,Cn1cc(NC(=O)c2ccc(-c3noc(C(F)(F)F)n3)cc2)cn1,0.5068473815917969,1.0
CCOc1ccc(CNC(C)Cc2ccccc2)cc1OC,CN1CC2(C(=O)Oc3cccc4c3N2CCCS4)C(=O)N1C,0.5068473815917969,1.0
CCOc1ccc(CNC(C)Cc2ccccc2)cc1OC,Cc1c[nH]c(C)c1-c1cc[nH]c(=NCc2cccnc2)n1,0.4838730990886688,0.0
CCOc1ccc(CNC(C)Cc2ccccc2)cc1OC,CCCCCCC(CCC(=O)OCC)N1Cc2c([nH]c3ccccc23)CC1C(=O)NC(CCCCN)C(=O)OC(C)(C)C,0.5068473815917969,1.0
CCOc1ccc(CNC(C)Cc2ccccc2)cc1OC,CCOc1ccc(CNC(C)Cc2ccccc2)cc1OC,0.5,0.0
CCOc1ccc(CNC(C)Cc2ccccc2)cc1OC,CCn1nc(C(=O)NCCOC)c2c(C)n(-c3ccccc3)c(C)c2c1=O,0.5068473815917969,1.0
CCOc1ccc(CNC(C)Cc2ccccc2)cc1OC,CC(C)(C)c1ccc(S(=O)(=O)NCCOc2cc(=NC(c3ccccc3)c3ccccc3)nc[nH]2)cc1,0.5068473815917969,1.0
CCOc1ccc(CNC(C)Cc2ccccc2)cc1OC,O=C(Nc1ccccc1)C1CSc2c(C3CC3)c(Cc3ccccc3)cc(=O)n21,0.5016261339187622,1.0
CCn1nc(C(=O)NCCOC)c2c(C)n(-c3ccccc3)c(C)c2c1=O,CN1C(N)=NC(C)(c2sc(-c3ccc(C(F)(F)F)c(Cl)c3)cc2Cl)CS1(=O)=O,0.5,0.0
CCn1nc(C(=O)NCCOC)c2c(C)n(-c3ccccc3)c(C)c2c1=O,COc1ccc(C=CC(=O)N2CCN(c3ccccn3)CC2)cc1COc1cccc(C(=N)N)c1,0.45309245586395264,0.0
CCn1nc(C(=O)NCCOC)c2c(C)n(-c3ccccc3)c(C)c2c1=O,Cn1cc(NC(=O)c2ccc(-c3noc(C(F)(F)F)n3)cc2)cn1,0.5,0.0
CCn1nc(C(=O)NCCOC)c2c(C)n(-c3ccccc3)c(C)c2c1=O,CN1CC2(C(=O)Oc3cccc4c3N2CCCS4)C(=O)N1C,0.5,0.0
CCn1nc(C(=O)NCCOC)c2c(C)n(-c3ccccc3)c(C)c2c1=O,Cc1c[nH]c(C)c1-c1cc[nH]c(=NCc2cccnc2)n1,0.47703588008880615,0.0
CCn1nc(C(=O)NCCOC)c2c(C)n(-c3ccccc3)c(C)c2c1=O,CCCCCCC(CCC(=O)OCC)N1Cc2c([nH]c3ccccc23)CC1C(=O)NC(CCCCN)C(=O)OC(C)(C)C,0.5,0.0
CCn1nc(C(=O)NCCOC)c2c(C)n(-c3ccccc3)c(C)c2c1=O,CCOc1ccc(CNC(C)Cc2ccccc2)cc1OC,0.4931526184082031,0.0
CCn1nc(C(=O)NCCOC)c2c(C)n(-c3ccccc3)c(C)c2c1=O,CCn1nc(C(=O)NCCOC)c2c(C)n(-c3ccccc3)c(C)c2c1=O,0.5,0.0
CCn1nc(C(=O)NCCOC)c2c(C)n(-c3ccccc3)c(C)c2c1=O,CC(C)(C)c1ccc(S(=O)(=O)NCCOc2cc(=NC(c3ccccc3)c3ccccc3)nc[nH]2)cc1,0.5,0.0
CCn1nc(C(=O)NCCOC)c2c(C)n(-c3ccccc3)c(C)c2c1=O,O=C(Nc1ccccc1)C1CSc2c(C3CC3)c(Cc3ccccc3)cc(=O)n21,0.4947785437107086,0.0
CC(C)(C)c1ccc(S(=O)(=O)NCCOc2cc(=NC(c3ccccc3)c3ccccc3)nc[nH]2)cc1,CN1C(N)=NC(C)(c2sc(-c3ccc(C(F)(F)F)c(Cl)c3)cc2Cl)CS1(=O)=O,0.5,0.0
CC(C)(C)c1ccc(S(=O)(=O)NCCOc2cc(=NC(c3ccccc3)c3ccccc3)nc[nH]2)cc1,COc1ccc(C=CC(=O)N2CCN(c3ccccn3)CC2)cc1COc1cccc(C(=N)N)c1,0.45309245586395264,0.0
CC(C)(C)c1ccc(S(=O)(=O)NCCOc2cc(=NC(c3ccccc3)c3ccccc3)nc[nH]2)cc1,Cn1cc(NC(=O)c2ccc(-c3noc(C(F)(F)F)n3)cc2)cn1,0.5,0.0
CC(C)(C)c1ccc(S(=O)(=O)NCCOc2cc(=NC(c3ccccc3)c3ccccc3)nc[nH]2)cc1,CN1CC2(C(=O)Oc3cccc4c3N2CCCS4)C(=O)N1C,0.5,0.0
CC(C)(C)c1ccc(S(=O)(=O)NCCOc2cc(=NC(c3ccccc3)c3ccccc3)nc[nH]2)cc1,Cc1c[nH]c(C)c1-c1cc[nH]c(=NCc2cccnc2)n1,0.47703588008880615,0.0
CC(C)(C)c1ccc(S(=O)(=O)NCCOc2cc(=NC(c3ccccc3)c3ccccc3)nc[nH]2)cc1,CCCCCCC(CCC(=O)OCC)N1Cc2c([nH]c3ccccc23)CC1C(=O)NC(CCCCN)C(=O)OC(C)(C)C,0.5,0.0
CC(C)(C)c1ccc(S(=O)(=O)NCCOc2cc(=NC(c3ccccc3)c3ccccc3)nc[nH]2)cc1,CCOc1ccc(CNC(C)Cc2ccccc2)cc1OC,0.4931526184082031,0.0
CC(C)(C)c1ccc(S(=O)(=O)NCCOc2cc(=NC(c3ccccc3)c3ccccc3)nc[nH]2)cc1,CCn1nc(C(=O)NCCOC)c2c(C)n(-c3ccccc3)c(C)c2c1=O,0.5,0.0
CC(C)(C)c1ccc(S(=O)(=O)NCCOc2cc(=NC(c3ccccc3)c3ccccc3)nc[nH]2)cc1,CC(C)(C)c1ccc(S(=O)(=O)NCCOc2cc(=NC(c3ccccc3)c3ccccc3)nc[nH]2)cc1,0.5,0.0
CC(C)(C)c1ccc(S(=O)(=O)NCCOc2cc(=NC(c3ccccc3)c3ccccc3)nc[nH]2)cc1,O=C(Nc1ccccc1)C1CSc2c(C3CC3)c(Cc3ccccc3)cc(=O)n21,0.4947785437107086,0.0
O=C(Nc1ccccc1)C1CSc2c(C3CC3)c(Cc3ccccc3)cc(=O)n21,CN1C(N)=NC(C)(c2sc(-c3ccc(C(F)(F)F)c(Cl)c3)cc2Cl)CS1(=O)=O,0.5052214860916138,1.0
O=C(Nc1ccccc1)C1CSc2c(C3CC3)c(Cc3ccccc3)cc(=O)n21,COc1ccc(C=CC(=O)N2CCN(c3ccccn3)CC2)cc1COc1cccc(C(=N)N)c1,0.4582730829715729,0.0
O=C(Nc1ccccc1)C1CSc2c(C3CC3)c(Cc3ccccc3)cc(=O)n21,Cn1cc(NC(=O)c2ccc(-c3noc(C(F)(F)F)n3)cc2)cn1,0.5052214860916138,1.0
O=C(Nc1ccccc1)C1CSc2c(C3CC3)c(Cc3ccccc3)cc(=O)n21,CN1CC2(C(=O)Oc3cccc4c3N2CCCS4)C(=O)N1C,0.5052214860916138,1.0
O=C(Nc1ccccc1)C1CSc2c(C3CC3)c(Cc3ccccc3)cc(=O)n21,Cc1c[nH]c(C)c1-c1cc[nH]c(=NCc2cccnc2)n1,0.48224881291389465,0.0
O=C(Nc1ccccc1)C1CSc2c(C3CC3)c(Cc3ccccc3)cc(=O)n21,CCCCCCC(CCC(=O)OCC)N1Cc2c([nH]c3ccccc23)CC1C(=O)NC(CCCCN)C(=O)OC(C)(C)C,0.5052214860916138,1.0
O=C(Nc1ccccc1)C1CSc2c(C3CC3)c(Cc3ccccc3)cc(=O)n21,CCOc1ccc(CNC(C)Cc2ccccc2)cc1OC,0.4983738660812378,0.0
O=C(Nc1ccccc1)C1CSc2c(C3CC3)c(Cc3ccccc3)cc(=O)n21,CCn1nc(C(=O)NCCOC)c2c(C)n(-c3ccccc3)c(C)c2c1=O,0.5052214860916138,1.0
O=C(Nc1ccccc1)C1CSc2c(C3CC3)c(Cc3ccccc3)cc(=O)n21,CC(C)(C)c1ccc(S(=O)(=O)NCCOc2cc(=NC(c3ccccc3)c3ccccc3)nc[nH]2)cc1,0.5052214860916138,1.0
O=C(Nc1ccccc1)C1CSc2c(C3CC3)c(Cc3ccccc3)cc(=O)n21,O=C(Nc1ccccc1)C1CSc2c(C3CC3)c(Cc3ccccc3)cc(=O)n21,0.5,0.0
CN(Cc1cccc2c(=O)[nH]ccc12)C(=O)CCc1ccsc1,CN(Cc1cccc2c(=O)[nH]ccc12)C(=O)CCc1ccsc1,0.5,0.0
CN(Cc1cccc2c(=O)[nH]ccc12)C(=O)CCc1ccsc1,Cc1sn2c(=O)c(C(=O)O)cc(C3CC3)c2c1C,0.5176860094070435,1.0
CN(Cc1cccc2c(=O)[nH]ccc12)C(=O)CCc1ccsc1,CC(C)c1ccc2c(C(=O)N3CC(F)CC3C(=O)O)[nH]nc2c1,0.5226631164550781,1.0
CN(Cc1cccc2c(=O)[nH]ccc12)C(=O)CCc1ccsc1,CC(C)Nc1cc(N2CCN(C)CC2)ccc1C(=O)N=c1cc(C(C)(C)C)[nH]n1-c1cccc(NC(=O)OC(C)(C)C)c1,0.5156421661376953,1.0
CN(Cc1cccc2c(=O)[nH]ccc12)C(=O)CCc1ccsc1,O=C(NCCCCN1CCc2c([nH]c3ccccc23)C12CC2)c1ccccc1,0.374483197927475,0.0
CN(Cc1cccc2c(=O)[nH]ccc12)C(=O)CCc1ccsc1,COc1ccc(CN(C(=O)CN2C(=O)c3ccccc3C2=O)c2cccc(C)c2)c(OC)c1,0.5226631164550781,1.0
CN(Cc1cccc2c(=O)[nH]ccc12)C(=O)CCc1ccsc1,FC(F)(F)c1cc(-c2cc(=NCc3ccccc3)nc[nH]2)cc(C(F)(F)F)c1,0.5226631164550781,1.0
CN(Cc1cccc2c(=O)[nH]ccc12)C(=O)CCc1ccsc1,CCc1nccnc1N1CCC2(CCN(C(=O)c3cnccn3)CC2)CC1,0.4861702024936676,0.0
CN(Cc1cccc2c(=O)[nH]ccc12)C(=O)CCc1ccsc1,COc1ccc2c(C(C)=Nc3ccc(C(N)=O)cc3)c(O)n(C)c2c1,0.5139281749725342,1.0
CN(Cc1cccc2c(=O)[nH]ccc12)C(=O)CCc1ccsc1,CCC(C)(C)c1ncc(Cl)c(N2CCOCC2)n1,0.5226631164550781,1.0
Cc1sn2c(=O)c(C(=O)O)cc(C3CC3)c2c1C,CN(Cc1cccc2c(=O)[nH]ccc12)C(=O)CCc1ccsc1,0.48231396079063416,0.0
Cc1sn2c(=O)c(C(=O)O)cc(C3CC3)c2c1C,Cc1sn2c(=O)c(C(=O)O)cc(C3CC3)c2c1C,0.5,0.0
Cc1sn2c(=O)c(C(=O)O)cc(C3CC3)c2c1C,CC(C)c1ccc2c(C(=O)N3CC(F)CC3C(=O)O)[nH]nc2c1,0.5049850940704346,1.0
Cc1sn2c(=O)c(C(=O)O)cc(C3CC3)c2c1C,CC(C)Nc1cc(N2CCN(C)CC2)ccc1C(=O)N=c1cc(C(C)(C)C)[nH]n1-c1cccc(NC(=O)OC(C)(C)C)c1,0.49795395135879517,0.0
Cc1sn2c(=O)c(C(=O)O)cc(C3CC3)c2c1C,O=C(NCCCCN1CCc2c([nH]c3ccccc23)C12CC2)c1ccccc1,0.35805758833885193,0.0
Cc1sn2c(=O)c(C(=O)O)cc(C3CC3)c2c1C,COc1ccc(CN(C(=O)CN2C(=O)c3ccccc3C2=O)c2cccc(C)c2)c(OC)c1,0.5049850940704346,1.0
Cc1sn2c(=O)c(C(=O)O)cc(C3CC3)c2c1C,FC(F)(F)c1cc(-c2cc(=NCc3ccccc3)nc[nH]2)cc(C(F)(F)F)c1,0.5049850940704346,1.0
Cc1sn2c(=O)c(C(=O)O)cc(C3CC3)c2c1C,CCc1nccnc1N1CCC2(CCN(C(=O)c3cnccn3)CC2)CC1,0.4685150384902954,0.0
Cc1sn2c(=O)c(C(=O)O)cc(C3CC3)c2c1C,COc1ccc2c(C(C)=Nc3ccc(C(N)=O)cc3)c(O)n(C)c2c1,0.49623849987983704,0.0
Cc1sn2c(=O)c(C(=O)O)cc(C3CC3)c2c1C,CCC(C)(C)c1ncc(Cl)c(N2CCOCC2)n1,0.5049850940704346,1.0
CC(C)c1ccc2c(C(=O)N3CC(F)CC3C(=O)O)[nH]nc2c1,CN(Cc1cccc2c(=O)[nH]ccc12)C(=O)CCc1ccsc1,0.47733691334724426,0.0
CC(C)c1ccc2c(C(=O)N3CC(F)CC3C(=O)O)[nH]nc2c1,Cc1sn2c(=O)c(C(=O)O)cc(C3CC3)c2c1C,0.4950149357318878,0.0
CC(C)c1ccc2c(C(=O)N3CC(F)CC3C(=O)O)[nH]nc2c1,CC(C)c1ccc2c(C(=O)N3CC(F)CC3C(=O)O)[nH]nc2c1,0.5,0.0
CC(C)c1ccc2c(C(=O)N3CC(F)CC3C(=O)O)[nH]nc2c1,CC(C)Nc1cc(N2CCN(C)CC2)ccc1C(=O)N=c1cc(C(C)(C)C)[nH]n1-c1cccc(NC(=O)OC(C)(C)C)c1,0.4929691255092621,0.0
CC(C)c1ccc2c(C(=O)N3CC(F)CC3C(=O)O)[nH]nc2c1,O=C(NCCCCN1CCc2c([nH]c3ccccc23)C12CC2)c1ccccc1,0.35348716378211975,0.0
CC(C)c1ccc2c(C(=O)N3CC(F)CC3C(=O)O)[nH]nc2c1,COc1ccc(CN(C(=O)CN2C(=O)c3ccccc3C2=O)c2cccc(C)c2)c(OC)c1,0.5,0.0
CC(C)c1ccc2c(C(=O)N3CC(F)CC3C(=O)O)[nH]nc2c1,FC(F)(F)c1cc(-c2cc(=NCc3ccccc3)nc[nH]2)cc(C(F)(F)F)c1,0.5,0.0
CC(C)c1ccc2c(C(=O)N3CC(F)CC3C(=O)O)[nH]nc2c1,CCc1nccnc1N1CCC2(CCN(C(=O)c3cnccn3)CC2)CC1,0.4635528326034546,0.0
CC(C)c1ccc2c(C(=O)N3CC(F)CC3C(=O)O)[nH]nc2c1,COc1ccc2c(C(C)=Nc3ccc(C(N)=O)cc3)c(O)n(C)c2c1,0.491254061460495,0.0
CC(C)c1ccc2c(C(=O)N3CC(F)CC3C(=O)O)[nH]nc2c1,CCC(C)(C)c1ncc(Cl)c(N2CCOCC2)n1,0.5,0.0
CC(C)Nc1cc(N2CCN(C)CC2)ccc1C(=O)N=c1cc(C(C)(C)C)[nH]n1-c1cccc(NC(=O)OC(C)(C)C)c1,CN(Cc1cccc2c(=O)[nH]ccc12)C(=O)CCc1ccsc1,0.4843577742576599,0.0
CC(C)Nc1cc(N2CCN(C)CC2)ccc1C(=O)N=c1cc(C(C)(C)C)[nH]n1-c1cccc(NC(=O)OC(C)(C)C)c1,Cc1sn2c(=O)c(C(=O)O)cc(C3CC3)c2c1C,0.5020461082458496,1.0
CC(C)Nc1cc(N2CCN(C)CC2)ccc1C(=O)N=c1cc(C(C)(C)C)[nH]n1-c1cccc(NC(=O)OC(C)(C)C)c1,CC(C)c1ccc2c(C(=O)N3CC(F)CC3C(=O)O)[nH]nc2c1,0.5070309042930603,1.0
CC(C)Nc1cc(N2CCN(C)CC2)ccc1C(=O)N=c1cc(C(C)(C)C)[nH]n1-c1cccc(NC(=O)OC(C)(C)C)c1,CC(C)Nc1cc(N2CCN(C)CC2)ccc1C(=O)N=c1cc(C(C)(C)C)[nH]n1-c1cccc(NC(=O)OC(C)(C)C)c1,0.5,0.0
CC(C)Nc1cc(N2CCN(C)CC2)ccc1C(=O)N=c1cc(C(C)(C)C)[nH]n1-c1cccc(NC(=O)OC(C)(C)C)c1,O=C(NCCCCN1CCc2c([nH]c3ccccc23)C12CC2)c1ccccc1,0.35994094610214233,0.0
CC(C)Nc1cc(N2CCN(C)CC2)ccc1C(=O)N=c1cc(C(C)(C)C)[nH]n1-c1cccc(NC(=O)OC(C)(C)C)c1,COc1ccc(CN(C(=O)CN2C(=O)c3ccccc3C2=O)c2cccc(C)c2)c(OC)c1,0.5070309042930603,1.0
CC(C)Nc1cc(N2CCN(C)CC2)ccc1C(=O)N=c1cc(C(C)(C)C)[nH]n1-c1cccc(NC(=O)OC(C)(C)C)c1,FC(F)(F)c1cc(-c2cc(=NCc3ccccc3)nc[nH]2)cc(C(F)(F)F)c1,0.5070309042930603,1.0
CC(C)Nc1cc(N2CCN(C)CC2)ccc1C(=O)N=c1cc(C(C)(C)C)[nH]n1-c1cccc(NC(=O)OC(C)(C)C)c1,CCc1nccnc1N1CCC2(CCN(C(=O)c3cnccn3)CC2)CC1,0.4705534875392914,0.0
CC(C)Nc1cc(N2CCN(C)CC2)ccc1C(=O)N=c1cc(C(C)(C)C)[nH]n1-c1cccc(NC(=O)OC(C)(C)C)c1,COc1ccc2c(C(C)=Nc3ccc(C(N)=O)cc3)c(O)n(C)c2c1,0.4982845187187195,0.0
CC(C)Nc1cc(N2CCN(C)CC2)ccc1C(=O)N=c1cc(C(C)(C)C)[nH]n1-c1cccc(NC(=O)OC(C)(C)C)c1,CCC(C)(C)c1ncc(Cl)c(N2CCOCC2)n1,0.5070309042930603,1.0
O=C(NCCCCN1CCc2c([nH]c3ccccc23)C12CC2)c1ccccc1,CN(Cc1cccc2c(=O)[nH]ccc12)C(=O)CCc1ccsc1,0.6255167722702026,1.0
O=C(NCCCCN1CCc2c([nH]c3ccccc23)C12CC2)c1ccccc1,Cc1sn2c(=O)c(C(=O)O)cc(C3CC3)c2c1C,0.6419423818588257,1.0
O=C(NCCCCN1CCc2c([nH]c3ccccc23)C12CC2)c1ccccc1,CC(C)c1ccc2c(C(=O)N3CC(F)CC3C(=O)O)[nH]nc2c1,0.6465128064155579,1.0
O=C(NCCCCN1CCc2c([nH]c3ccccc23)C12CC2)c1ccccc1,CC(C)Nc1cc(N2CCN(C)CC2)ccc1C(=O)N=c1cc(C(C)(C)C)[nH]n1-c1cccc(NC(=O)OC(C)(C)C)c1,0.6400591135025024,1.0
O=C(NCCCCN1CCc2c([nH]c3ccccc23)C12CC2)c1ccccc1,O=C(NCCCCN1CCc2c([nH]c3ccccc23)C12CC2)c1ccccc1,0.5,0.0
O=C(NCCCCN1CCc2c([nH]c3ccccc23)C12CC2)c1ccccc1,COc1ccc(CN(C(=O)CN2C(=O)c3ccccc3C2=O)c2cccc(C)c2)c(OC)c1,0.6465128064155579,1.0
O=C(NCCCCN1CCc2c([nH]c3ccccc23)C12CC2)c1ccccc1,FC(F)(F)c1cc(-c2cc(=NCc3ccccc3)nc[nH]2)cc(C(F)(F)F)c1,0.6465128064155579,1.0
O=C(NCCCCN1CCc2c([nH]c3ccccc23)C12CC2)c1ccccc1,CCc1nccnc1N1CCC2(CCN(C(=O)c3cnccn3)CC2)CC1,0.6124679446220398,1.0
O=C(NCCCCN1CCc2c([nH]c3ccccc23)C12CC2)c1ccccc1,COc1ccc2c(C(C)=Nc3ccc(C(N)=O)cc3)c(O)n(C)c2c1,0.6384766101837158,1.0
O=C(NCCCCN1CCc2c([nH]c3ccccc23)C12CC2)c1ccccc1,CCC(C)(C)c1ncc(Cl)c(N2CCOCC2)n1,0.6465128064155579,1.0
COc1ccc(CN(C(=O)CN2C(=O)c3ccccc3C2=O)c2cccc(C)c2)c(OC)c1,CN(Cc1cccc2c(=O)[nH]ccc12)C(=O)CCc1ccsc1,0.47733691334724426,0.0
COc1ccc(CN(C(=O)CN2C(=O)c3ccccc3C2=O)c2cccc(C)c2)c(OC)c1,Cc1sn2c(=O)c(C(=O)O)cc(C3CC3)c2c1C,0.4950149357318878,0.0
COc1ccc(CN(C(=O)CN2C(=O)c3ccccc3C2=O)c2cccc(C)c2)c(OC)c1,CC(C)c1ccc2c(C(=O)N3CC(F)CC3C(=O)O)[nH]nc2c1,0.5,0.0
COc1ccc(CN(C(=O)CN2C(=O)c3ccccc3C2=O)c2cccc(C)c2)c(OC)c1,CC(C)Nc1cc(N2CCN(C)CC2)ccc1C(=O)N=c1cc(C(C)(C)C)[nH]n1-c1cccc(NC(=O)OC(C)(C)C)c1,0.4929691255092621,0.0
COc1ccc(CN(C(=O)CN2C(=O)c3ccccc3C2=O)c2cccc(C)c2)c(OC)c1,O=C(NCCCCN1CCc2c([nH]c3ccccc23)C12CC2)c1ccccc1,0.35348716378211975,0.0
COc1ccc(CN(C(=O)CN2C(=O)c3ccccc3C2=O)c2cccc(C)c2)c(OC)c1,COc1ccc(CN(C(=O)CN2C(=O)c3ccccc3C2=O)c2cccc(C)c2)c(OC)c1,0.5,0.0
COc1ccc(CN(C(=O)CN2C(=O)c3ccccc3C2=O)c2cccc(C)c2)c(OC)c1,FC(F)(F)c1cc(-c2cc(=NCc3ccccc3)nc[nH]2)cc(C(F)(F)F)c1,0.5,0.0
COc1ccc(CN(C(=O)CN2C(=O)c3ccccc3C2=O)c2cccc(C)c2)c(OC)c1,CCc1nccnc1N1CCC2(CCN(C(=O)c3cnccn3)CC2)CC1,0.4635528326034546,0.0
COc1ccc(CN(C(=O)CN2C(=O)c3ccccc3C2=O)c2cccc(C)c2)c(OC)c1,COc1ccc2c(C(C)=Nc3ccc(C(N)=O)cc3)c(O)n(C)c2c1,0.491254061460495,0.0
COc1ccc(CN(C(=O)CN2C(=O)c3ccccc3C2=O)c2cccc(C)c2)c(OC)c1,CCC(C)(C)c1ncc(Cl)c(N2CCOCC2)n1,0.5,0.0
FC(F)(F)c1cc(-c2cc(=NCc3ccccc3)nc[nH]2)cc(C(F)(F)F)c1,CN(Cc1cccc2c(=O)[nH]ccc12)C(=O)CCc1ccsc1,0.47733691334724426,0.0
FC(F)(F)c1cc(-c2cc(=NCc3ccccc3)nc[nH]2)cc(C(F)(F)F)c1,Cc1sn2c(=O)c(C(=O)O)cc(C3CC3)c2c1C,0.4950149357318878,0.0
FC(F)(F)c1cc(-c2cc(=NCc3ccccc3)nc[nH]2)cc(C(F)(F)F)c1,CC(C)c1ccc2c(C(=O)N3CC(F)CC3C(=O)O)[nH]nc2c1,0.5,0.0
FC(F)(F)c1cc(-c2cc(=NCc3ccccc3)nc[nH]2)cc(C(F)(F)F)c1,CC(C)Nc1cc(N2CCN(C)CC2)ccc1C(=O)N=c1cc(C(C)(C)C)[nH]n1-c1cccc(NC(=O)OC(C)(C)C)c1,0.4929691255092621,0.0
FC(F)(F)c1cc(-c2cc(=NCc3ccccc3)nc[nH]2)cc(C(F)(F)F)c1,O=C(NCCCCN1CCc2c([nH]c3ccccc23)C12CC2)c1ccccc1,0.35348716378211975,0.0
FC(F)(F)c1cc(-c2cc(=NCc3ccccc3)nc[nH]2)cc(C(F)(F)F)c1,COc1ccc(CN(C(=O)CN2C(=O)c3ccccc3C2=O)c2cccc(C)c2)c(OC)c1,0.5,0.0
FC(F)(F)c1cc(-c2cc(=NCc3ccccc3)nc[nH]2)cc(C(F)(F)F)c1,FC(F)(F)c1cc(-c2cc(=NCc3ccccc3)nc[nH]2)cc(C(F)(F)F)c1,0.5,0.0
FC(F)(F)c1cc(-c2cc(=NCc3ccccc3)nc[nH]2)cc(C(F)(F)F)c1,CCc1nccnc1N1CCC2(CCN(C(=O)c3cnccn3)CC2)CC1,0.4635528326034546,0.0
FC(F)(F)c1cc(-c2cc(=NCc3ccccc3)nc[nH]2)cc(C(F)(F)F)c1,COc1ccc2c(C(C)=Nc3ccc(C(N)=O)cc3)c(O)n(C)c2c1,0.491254061460495,0.0
FC(F)(F)c1cc(-c2cc(=NCc3ccccc3)nc[nH]2)cc(C(F)(F)F)c1,CCC(C)(C)c1ncc(Cl)c(N2CCOCC2)n1,0.5,0.0
CCc1nccnc1N1CCC2(CCN(C(=O)c3cnccn3)CC2)CC1,CN(Cc1cccc2c(=O)[nH]ccc12)C(=O)CCc1ccsc1,0.51382976770401,1.0
CCc1nccnc1N1CCC2(CCN(C(=O)c3cnccn3)CC2)CC1,Cc1sn2c(=O)c(C(=O)O)cc(C3CC3)c2c1C,0.5314849615097046,1.0
CCc1nccnc1N1CCC2(CCN(C(=O)c3cnccn3)CC2)CC1,CC(C)c1ccc2c(C(=O)N3CC(F)CC3C(=O)O)[nH]nc2c1,0.5364471673965454,1.0
CCc1nccnc1N1CCC2(CCN(C(=O)c3cnccn3)CC2)CC1,CC(C)Nc1cc(N2CCN(C)CC2)ccc1C(=O)N=c1cc(C(C)(C)C)[nH]n1-c1cccc(NC(=O)OC(C)(C)C)c1,0.5294464826583862,1.0
CCc1nccnc1N1CCC2(CCN(C(=O)c3cnccn3)CC2)CC1,O=C(NCCCCN1CCc2c([nH]c3ccccc23)C12CC2)c1ccccc1,0.3875320553779602,0.0
CCc1nccnc1N1CCC2(CCN(C(=O)c3cnccn3)CC2)CC1,COc1ccc(CN(C(=O)CN2C(=O)c3ccccc3C2=O)c2cccc(C)c2)c(OC)c1,0.5364471673965454,1.0
CCc1nccnc1N1CCC2(CCN(C(=O)c3cnccn3)CC2)CC1,FC(F)(F)c1cc(-c2cc(=NCc3ccccc3)nc[nH]2)cc(C(F)(F)F)c1,0.5364471673965454,1.0
CCc1nccnc1N1CCC2(CCN(C(=O)c3cnccn3)CC2)CC1,CCc1nccnc1N1CCC2(CCN(C(=O)c3cnccn3)CC2)CC1,0.5,0.0
CCc1nccnc1N1CCC2(CCN(C(=O)c3cnccn3)CC2)CC1,COc1ccc2c(C(C)=Nc3ccc(C(N)=O)cc3)c(O)n(C)c2c1,0.5277366042137146,1.0
CCc1nccnc1N1CCC2(CCN(C(=O)c3cnccn3)CC2)CC1,CCC(C)(C)c1ncc(Cl)c(N2CCOCC2)n1,0.5364471673965454,1.0
COc1ccc2c(C(C)=Nc3ccc(C(N)=O)cc3)c(O)n(C)c2c1,CN(Cc1cccc2c(=O)[nH]ccc12)C(=O)CCc1ccsc1,0.4860718250274658,0.0
COc1ccc2c(C(C)=Nc3ccc(C(N)=O)cc3)c(O)n(C)c2c1,Cc1sn2c(=O)c(C(=O)O)cc(C3CC3)c2c1C,0.5037615299224854,1.0
COc1ccc2c(C(C)=Nc3ccc(C(N)=O)cc3)c(O)n(C)c2c1,CC(C)c1ccc2c(C(=O)N3CC(F)CC3C(=O)O)[nH]nc2c1,0.5087459683418274,1.0
COc1ccc2c(C(C)=Nc3ccc(C(N)=O)cc3)c(O)n(C)c2c1,CC(C)Nc1cc(N2CCN(C)CC2)ccc1C(=O)N=c1cc(C(C)(C)C)[nH]n1-c1cccc(NC(=O)OC(C)(C)C)c1,0.5017154812812805,1.0
COc1ccc2c(C(C)=Nc3ccc(C(N)=O)cc3)c(O)n(C)c2c1,O=C(NCCCCN1CCc2c([nH]c3ccccc23)C12CC2)c1ccccc1,0.3615233600139618,0.0
COc1ccc2c(C(C)=Nc3ccc(C(N)=O)cc3)c(O)n(C)c2c1,COc1ccc(CN(C(=O)CN2C(=O)c3ccccc3C2=O)c2cccc(C)c2)c(OC)c1,0.5087459683418274,1.0
COc1ccc2c(C(C)=Nc3ccc(C(N)=O)cc3)c(O)n(C)c2c1,FC(F)(F)c1cc(-c2cc(=NCc3ccccc3)nc[nH]2)cc(C(F)(F)F)c1,0.5087459683418274,1.0
COc1ccc2c(C(C)=Nc3ccc(C(N)=O)cc3)c(O)n(C)c2c1,CCc1nccnc1N1CCC2(CCN(C(=O)c3cnccn3)CC2)CC1,0.4722633957862854,0.0
COc1ccc2c(C(C)=Nc3ccc(C(N)=O)cc3)c(O)n(C)c2c1,COc1ccc2c(C(C)=Nc3ccc(C(N)=O)cc3)c(O)n(C)c2c1,0.5,0.0
COc1ccc2c(C(C)=Nc3ccc(C(N)=O)cc3)c(O)n(C)c2c1,CCC(C)(C)c1ncc(Cl)c(N2CCOCC2)n1,0.5087459683418274,1.0
CCC(C)(C)c1ncc(Cl)c(N2CCOCC2)n1,CN(Cc1cccc2c(=O)[nH]ccc12)C(=O)CCc1ccsc1,0.47733691334724426,0.0
CCC(C)(C)c1ncc(Cl)c(N2CCOCC2)n1,Cc1sn2c(=O)c(C(=O)O)cc(C3CC3)c2c1C,0.4950149357318878,0.0
CCC(C)(C)c1ncc(Cl)c(N2CCOCC2)n1,CC(C)c1ccc2c(C(=O)N3CC(F)CC3C(=O)O)[nH]nc2c1,0.5,0.0
CCC(C)(C)c1ncc(Cl)c(N2CCOCC2)n1,CC(C)Nc1cc(N2CCN(C)CC2)ccc1C(=O)N=c1cc(C(C)(C)C)[nH]n1-c1cccc(NC(=O)OC(C)(C)C)c1,0.4929691255092621,0.0
CCC(C)(C)c1ncc(Cl)c(N2CCOCC2)n1,O=C(NCCCCN1CCc2c([nH]c3ccccc23)C12CC2)c1ccccc1,0.35348716378211975,0.0
CCC(C)(C)c1ncc(Cl)c(N2CCOCC2)n1,COc1ccc(CN(C(=O)CN2C(=O)c3ccccc3C2=O)c2cccc(C)c2)c(OC)c1,0.5,0.0
CCC(C)(C)c1ncc(Cl)c(N2CCOCC2)n1,FC(F)(F)c1cc(-c2cc(=NCc3ccccc3)nc[nH]2)cc(C(F)(F)F)c1,0.5,0.0
CCC(C)(C)c1ncc(Cl)c(N2CCOCC2)n1,CCc1nccnc1N1CCC2(CCN(C(=O)c3cnccn3)CC2)CC1,0.4635528326034546,0.0
CCC(C)(C)c1ncc(Cl)c(N2CCOCC2)n1,COc1ccc2c(C(C)=Nc3ccc(C(N)=O)cc3)c(O)n(C)c2c1,0.491254061460495,0.0
CCC(C)(C)c1ncc(Cl)c(N2CCOCC2)n1,CCC(C)(C)c1ncc(Cl)c(N2CCOCC2)n1,0.5,0.0
CCC1=C(N2CCOCC2)C(=Cc2ccccn2)c2ccccc21,CCC1=C(N2CCOCC2)C(=Cc2ccccn2)c2ccccc21,0.5,0.0
CCC1=C(N2CCOCC2)C(=Cc2ccccn2)c2ccccc21,Clc1ccc(-c2nnc3c4ccccc4n(Cc4ccccc4)n23)cc1,0.570260226726532,1.0
CCC1=C(N2CCOCC2)C(=Cc2ccccn2)c2ccccc21,O=C(CN1Cc2ccccc2C1)[N+](=O)[O-],0.570260226726532,1.0
CCC1=C(N2CCOCC2)C(=Cc2ccccn2)c2ccccc21,Cc1nc(=NS(=O)(=O)c2ccc3c(c2)nc(-c2ccccn2)n3-c2ccccc2C)[nH]o1,0.5548076033592224,1.0
CCC1=C(N2CCOCC2)C(=Cc2ccccn2)c2ccccc21,COc1ccc(CCNC(C)=O)cc1OC,0.5446744561195374,1.0
CCC1=C(N2CCOCC2)C(=Cc2ccccn2)c2ccccc21,CNCC1CCN(c2cc3c(cc2F)c(=O)c(C(=O)O)cn3C2CC2)C1,0.5397434830665588,1.0
CCC1=C(N2CCOCC2)C(=Cc2ccccn2)c2ccccc21,Cc1cc(C=NN2CCN(Cc3ccccc3)CC2)c(C)n1-c1cccnc1,0.570260226726532,1.0
CCC1=C(N2CCOCC2)C(=Cc2ccccn2)c2ccccc21,NS(=O)(=O)c1ccc(N=Nc2c(O)[nH]c3ccccc23)cc1,0.570260226726532,1.0
CCC1=C(N2CCOCC2)C(=Cc2ccccn2)c2ccccc21,N#CC1CCOCC1n1cc(C(N)=O)c(=Nc2cc(F)ccc2F)[nH]1,0.561818540096283,1.0
CCC1=C(N2CCOCC2)C(=Cc2ccccn2)c2ccccc21,COC(=O)CNc1ncccc1C(=O)NCc1nc[nH]c1C,0.5456764698028564,1.0
Clc1ccc(-c2nnc3c4ccccc4n(Cc4ccccc4)n23)cc1,CCC1=C(N2CCOCC2)C(=Cc2ccccn2)c2ccccc21,0.429739773273468,0.0
Clc1ccc(-c2nnc3c4ccccc4n(Cc4ccccc4)n23)cc1,Clc1ccc(-c2nnc3c4ccccc4n(Cc4ccccc4)n23)cc1,0.5,0.0
Clc1ccc(-c2nnc3c4ccccc4n(Cc4ccccc4)n23)cc1,O=C(CN1Cc2ccccc2C1)[N+](=O)[O-],0.5,0.0
Clc1ccc(-c2nnc3c4ccccc4n(Cc4ccccc4)n23)cc1,Cc1nc(=NS(=O)(=O)c2ccc3c(c2)nc(-c2ccccn2)n3-c2ccccc2C)[nH]o1,0.48430562019348145,0.0
Clc1ccc(-c2nnc3c4ccccc4n(Cc4ccccc4)n23)cc1,COc1ccc(CCNC(C)=O)cc1OC,0.47408896684646606,0.0
Clc1ccc(-c2nnc3c4ccccc4n(Cc4ccccc4)n23)cc1,CNCC1CCN(c2cc3c(cc2F)c(=O)c(C(=O)O)cn3C2CC2)C1,0.4691385328769684,0.0
Clc1ccc(-c2nnc3c4ccccc4n(Cc4ccccc4)n23)cc1,Cc1cc(C=NN2CCN(Cc3ccccc3)CC2)c(C)n1-c1cccnc1,0.5,0.0
Clc1ccc(-c2nnc3c4ccccc4n(Cc4ccccc4)n23)cc1,NS(=O)(=O)c1ccc(N=Nc2c(O)[nH]c3ccccc23)cc1,0.5,0.0
Clc1ccc(-c2nnc3c4ccccc4n(Cc4ccccc4)n23)cc1,N#CC1CCOCC1n1cc(C(N)=O)c(=Nc2cc(F)ccc2F)[nH]1,0.4914090633392334,0.0
Clc1ccc(-c2nnc3c4ccccc4n(Cc4ccccc4)n23)cc1,COC(=O)CNc1ncccc1C(=O)NCc1nc[nH]c1C,0.47509655356407166,0.0
O=C(CN1Cc2ccccc2C1)[N+](=O)[O-],CCC1=C(N2CCOCC2)C(=Cc2ccccn2)c2ccccc21,0.429739773273468,0.0
O=C(CN1Cc2ccccc2C1)[N+](=O)[O-],Clc1ccc(-c2nnc3c4ccccc4n(Cc4ccccc4)n23)cc1,0.5,0.0
O=C(CN1Cc2ccccc2C1)[N+](=O)[O-],O=C(CN1Cc2ccccc2C1)[N+](=O)[O-],0.5,0.0
O=C(CN1Cc2ccccc2C1)[N+](=O)[O-],Cc1nc(=NS(=O)(=O)c2ccc3c(c2)nc(-c2ccccn2)n3-c2ccccc2C)[nH]o1,0.48430562019348145,0.0
O=C(CN1Cc2ccccc2C1)[N+](=O)[O-],COc1ccc(CCNC(C)=O)cc1OC,0.47408896684646606,0.0
O=C(CN1Cc2ccccc2C1)[N+](=O)[O-],CNCC1CCN(c2cc3c(cc2F)c(=O)c(C(=O)O)cn3C2CC2)C1,0.4691385328769684,0.0
O=C(CN1Cc2ccccc2C1)[N+](=O)[O-],Cc1cc(C=NN2CCN(Cc3ccccc3)CC2)c(C)n1-c1cccnc1,0.5,0.0
O=C(CN1Cc2ccccc2C1)[N+](=O)[O-],NS(=O)(=O)c1ccc(N=Nc2c(O)[nH]c3ccccc23)cc1,0.5,0.0
O=C(CN1Cc2ccccc2C1)[N+](=O)[O-],N#CC1CCOCC1n1cc(C(N)=O)c(=Nc2cc(F)ccc2F)[nH]1,0.4914090633392334,0.0
O=C(CN1Cc2ccccc2C1)[N+](=O)[O-],COC(=O)CNc1ncccc1C(=O)NCc1nc[nH]c1C,0.47509655356407166,0.0
Cc1nc(=NS(=O)(=O)c2ccc3c(c2)nc(-c2ccccn2)n3-c2ccccc2C)[nH]o1,CCC1=C(N2CCOCC2)C(=Cc2ccccn2)c2ccccc21,0.4451924264431,0.0
Cc1nc(=NS(=O)(=O)c2ccc3c(c2)nc(-c2ccccn2)n3-c2ccccc2C)[nH]o1,Clc1ccc(-c2nnc3c4ccccc4n(Cc4ccccc4)n23)cc1,0.5156943798065186,1.0
Cc1nc(=NS(=O)(=O)c2ccc3c(c2)nc(-c2ccccn2)n3-c2ccccc2C)[nH]o1,O=C(CN1Cc2ccccc2C1)[N+](=O)[O-],0.5156943798065186,1.0
Cc1nc(=NS(=O)(=O)c2ccc3c(c2)nc(-c2ccccn2)n3-c2ccccc2C)[nH]o1,Cc1nc(=NS(=O)(=O)c2ccc3c(c2)nc(-c2ccccn2)n3-c2ccccc2C)[nH]o1,0.5,0.0
Cc1nc(=NS(=O)(=O)c2ccc3c(c2)nc(-c2ccccn2)n3-c2ccccc2C)[nH]o1,COc1ccc(CCNC(C)=O)cc1OC,0.4897666871547699,0.0
Cc1nc(=NS(=O)(=O)c2ccc3c(c2)nc(-c2ccccn2)n3-c2ccccc2C)[nH]o1,CNCC1CCN(c2cc3c(cc2F)c(=O)c(C(=O)O)cn3C2CC2)C1,0.4848034977912903,0.0
Cc1nc(=NS(=O)(=O)c2ccc3c(c2)nc(-c2ccccn2)n3-c2ccccc2C)[nH]o1,Cc1cc(C=NN2CCN(Cc3ccccc3)CC2)c(C)n1-c1cccnc1,0.5156943798065186,1.0
Cc1nc(=NS(=O)(=O)c2ccc3c(c2)nc(-c2ccccn2)n3-c2ccccc2C)[nH]o1,NS(=O)(=O)c1ccc(N=Nc2c(O)[nH]c3ccccc23)cc1,0.5156943798065186,1.0
Cc1nc(=NS(=O)(=O)c2ccc3c(c2)nc(-c2ccccn2)n3-c2ccccc2C)[nH]o1,N#CC1CCOCC1n1cc(C(N)=O)c(=Nc2cc(F)ccc2F)[nH]1,0.5071073174476624,1.0
Cc1nc(=NS(=O)(=O)c2ccc3c(c2)nc(-c2ccccn2)n3-c2ccccc2C)[nH]o1,COC(=O)CNc1ncccc1C(=O)NCc1nc[nH]c1C,0.49077653884887695,0.0
COc1ccc(CCNC(C)=O)cc1OC,CCC1=C(N2CCOCC2)C(=Cc2ccccn2)c2ccccc21,0.45532554388046265,0.0
COc1ccc(CCNC(C)=O)cc1OC,Clc1ccc(-c2nnc3c4ccccc4n(Cc4ccccc4)n23)cc1,0.5259110331535339,1.0
COc1ccc(CCNC(C)=O)cc1OC,O=C(CN1Cc2ccccc2C1)[N+](=O)[O-],0.5259110331535339,1.0
COc1ccc(CCNC(C)=O)cc1OC,Cc1nc(=NS(=O)(=O)c2ccc3c(c2)nc(-c2ccccn2)n3-c2ccccc2C)[nH]o1,0.5102332830429077,1.0
COc1ccc(CCNC(C)=O)cc1OC,COc1ccc(CCNC(C)=O)cc1OC,0.5,0.0
COc1ccc(CCNC(C)=O)cc1OC,CNCC1CCN(c2cc3c(cc2F)c(=O)c(C(=O)O)cn3C2CC2)C1,0.49503374099731445,0.0
COc1ccc(CCNC(C)=O)cc1OC,Cc1cc(C=NN2CCN(Cc3ccccc3)CC2)c(C)n1-c1cccnc1,0.5259110331535339,1.0
COc1ccc(CCNC(C)=O)cc1OC,NS(=O)(=O)c1ccc(N=Nc2c(O)[nH]c3ccccc23)cc1,0.5259110331535339,1.0
COc1ccc(CCNC(C)=O)cc1OC,N#CC1CCOCC1n1cc(C(N)=O)c(=Nc2cc(F)ccc2F)[nH]1,0.5173355937004089,1.0
COc1ccc(CCNC(C)=O)cc1OC,COC(=O)CNc1ncccc1C(=O)NCc1nc[nH]c1C,0.5010102391242981,1.0
CNCC1CCN(c2cc3c(cc2F)c(=O)c(C(=O)O)cn3C2CC2)C1,CCC1=C(N2CCOCC2)C(=Cc2ccccn2)c2ccccc21,0.46025654673576355,0.0
CNCC1CCN(c2cc3c(cc2F)c(=O)c(C(=O)O)cn3C2CC2)C1,Clc1ccc(-c2nnc3c4ccccc4n(Cc4ccccc4)n23)cc1,0.5308614373207092,1.0
CNCC1CCN(c2cc3c(cc2F)c(=O)c(C(=O)O)cn3C2CC2)C1,O=C(CN1Cc2ccccc2C1)[N+](=O)[O-],0.5308614373207092,1.0
CNCC1CCN(c2cc3c(cc2F)c(=O)c(C(=O)O)cn3C2CC2)C1,Cc1nc(=NS(=O)(=O)c2ccc3c(c2)nc(-c2ccccn2)n3-c2ccccc2C)[nH]o1,0.5151965022087097,1.0
CNCC1CCN(c2cc3c(cc2F)c(=O)c(C(=O)O)cn3C2CC2)C1,COc1ccc(CCNC(C)=O)cc1OC,0.5049662590026855,1.0
CNCC1CCN(c2cc3c(cc2F)c(=O)c(C(=O)O)cn3C2CC2)C1,CNCC1CCN(c2cc3c(cc2F)c(=O)c(C(=O)O)cn3C2CC2)C1,0.5,0.0
CNCC1CCN(c2cc3c(cc2F)c(=O)c(C(=O)O)cn3C2CC2)C1,Cc1cc(C=NN2CCN(Cc3ccccc3)CC2)c(C)n1-c1cccnc1,0.5308614373207092,1.0
CNCC1CCN(c2cc3c(cc2F)c(=O)c(C(=O)O)cn3C2CC2)C1,NS(=O)(=O)c1ccc(N=Nc2c(O)[nH]c3ccccc23)cc1,0.5308614373207092,1.0
CNCC1CCN(c2cc3c(cc2F)c(=O)c(C(=O)O)cn3C2CC2)C1,N#CC1CCOCC1n1cc(C(N)=O)c(=Nc2cc(F)ccc2F)[nH]1,0.5222941637039185,1.0
CNCC1CCN(c2cc3c(cc2F)c(=O)c(C(=O)O)cn3C2CC2)C1,COC(=O)CNc1ncccc1C(=O)NCc1nc[nH]c1C,0.5059763789176941,1.0
Cc1cc(C=NN2CCN(Cc3ccccc3)CC2)c(C)n1-c1cccnc1,CCC1=C(N2CCOCC2)C(=Cc2ccccn2)c2ccccc21,0.429739773273468,0.0
Cc1cc(C=NN2CCN(Cc3ccccc3)CC2)c(C)n1-c1cccnc1,Clc1ccc(-c2nnc3c4ccccc4n(Cc4ccccc4)n23)cc1,0.5,0.0
Cc1cc(C=NN2CCN(Cc3ccccc3)CC2)c(C)n1-c1cccnc1,O=C(CN1Cc2ccccc2C1)[N+](=O)[O-],0.5,0.0
Cc1cc(C=NN2CCN(Cc3ccccc3)CC2)c(C)n1-c1cccnc1,Cc1nc(=NS(=O)(=O)c2ccc3c(c2)nc(-c2ccccn2)n3-c2ccccc2C)[nH]o1,0.48430562019348145,0.0
Cc1cc(C=NN2CCN(Cc3ccccc3)CC2)c(C)n1-c1cccnc1,COc1ccc(CCNC(C)=O)cc1OC,0.47408896684646606,0.0
Cc1cc(C=NN2CCN(Cc3ccccc3)CC2)c(C)n1-c1cccnc1,CNCC1CCN(c2cc3c(cc2F)c(=O)c(C(=O)O)cn3C2CC2)C1,0.4691385328769684,0.0
Cc1cc(C=NN2CCN(Cc3ccccc3)CC2)c(C)n1-c1cccnc1,Cc1cc(C=NN2CCN(Cc3ccccc3)CC2)c(C)n1-c1cccnc1,0.5,0.0
Cc1cc(C=NN2CCN(Cc3ccccc3)CC2)c(C)n1-c1cccnc1,NS(=O)(=O)c1ccc(N=Nc2c(O)[nH]c3ccccc23)cc1,0.5,0.0
Cc1cc(C=NN2CCN(Cc3ccccc3)CC2)c(C)n1-c1cccnc1,N#CC1CCOCC1n1cc(C(N)=O)c(=Nc2cc(F)ccc2F)[nH]1,0.4914090633392334,0.0
Cc1cc(C=NN2CCN(Cc3ccccc3)CC2)c(C)n1-c1cccnc1,COC(=O)CNc1ncccc1C(=O)NCc1nc[nH]c1C,0.47509655356407166,0.0
NS(=O)(=O)c1ccc(N=Nc2c(O)[nH]c3ccccc23)cc1,CCC1=C(N2CCOCC2)C(=Cc2ccccn2)c2ccccc21,0.429739773273468,0.0
NS(=O)(=O)c1ccc(N=Nc2c(O)[nH]c3ccccc23)cc1,Clc1ccc(-c2nnc3c4ccccc4n(Cc4ccccc4)n23)cc1,0.5,0.0
NS(=O)(=O)c1ccc(N=Nc2c(O)[nH]c3ccccc23)cc1,O=C(CN1Cc2ccccc2C1)[N+](=O)[O-],0.5,0.0
NS(=O)(=O)c1ccc(N=Nc2c(O)[nH]c3ccccc23)cc1,Cc1nc(=NS(=O)(=O)c2ccc3c(c2)nc(-c2ccccn2)n3-c2ccccc2C)[nH]o1,0.48430562019348145,0.0
NS(=O)(=O)c1ccc(N=Nc2c(O)[nH]c3ccccc23)cc1,COc1ccc(CCNC(C)=O)cc1OC,0.47408896684646606,0.0
NS(=O)(=O)c1ccc(N=Nc2c(O)[nH]c3ccccc23)cc1,CNCC1CCN(c2cc3c(cc2F)c(=O)c(C(=O)O)cn3C2CC2)C1,0.4691385328769684,0.0
NS(=O)(=O)c1ccc(N=Nc2c(O)[nH]c3ccccc23)cc1,Cc1cc(C=NN2CCN(Cc3ccccc3)CC2)c(C)n1-c1cccnc1,0.5,0.0
NS(=O)(=O)c1ccc(N=Nc2c(O)[nH]c3ccccc23)cc1,NS(=O)(=O)c1ccc(N=Nc2c(O)[nH]c3ccccc23)cc1,0.5,0.0
NS(=O)(=O)c1ccc(N=Nc2c(O)[nH]c3ccccc23)cc1,N#CC1CCOCC1n1cc(C(N)=O)c(=Nc2cc(F)ccc2F)[nH]1,0.4914090633392334,0.0
NS(=O)(=O)c1ccc(N=Nc2c(O)[nH]c3ccccc23)cc1,COC(=O)CNc1ncccc1C(=O)NCc1nc[nH]c1C,0.47509655356407166,0.0
N#CC1CCOCC1n1cc(C(N)=O)c(=Nc2cc(F)ccc2F)[nH]1,CCC1=C(N2CCOCC2)C(=Cc2ccccn2)c2ccccc21,0.43818140029907227,0.0
N#CC1CCOCC1n1cc(C(N)=O)c(=Nc2cc(F)ccc2F)[nH]1,Clc1ccc(-c2nnc3c4ccccc4n(Cc4ccccc4)n23)cc1,0.5085909366607666,1.0
N#CC1CCOCC1n1cc(C(N)=O)c(=Nc2cc(F)ccc2F)[nH]1,O=C(CN1Cc2ccccc2C1)[N+](=O)[O-],0.5085909366607666,1.0
N#CC1CCOCC1n1cc(C(N)=O)c(=Nc2cc(F)ccc2F)[nH]1,Cc1nc(=NS(=O)(=O)c2ccc3c(c2)nc(-c2ccccn2)n3-c2ccccc2C)[nH]o1,0.49289271235466003,0.0
N#CC1CCOCC1n1cc(C(N)=O)c(=Nc2cc(F)ccc2F)[nH]1,COc1ccc(CCNC(C)=O)cc1OC,0.48266446590423584,0.0
N#CC1CCOCC1n1cc(C(N)=O)c(=Nc2cc(F)ccc2F)[nH]1,CNCC1CCN(c2cc3c(cc2F)c(=O)c(C(=O)O)cn3C2CC2)C1,0.47770583629608154,0.0
N#CC1CCOCC1n1cc(C(N)=O)c(=Nc2cc(F)ccc2F)[nH]1,Cc1cc(C=NN2CCN(Cc3ccccc3)CC2)c(C)n1-c1cccnc1,0.5085909366607666,1.0
N#CC1CCOCC1n1cc(C(N)=O)c(=Nc2cc(F)ccc2F)[nH]1,NS(=O)(=O)c1ccc(N=Nc2c(O)[nH]c3ccccc23)cc1,0.5085909366607666,1.0
N#CC1CCOCC1n1cc(C(N)=O)c(=Nc2cc(F)ccc2F)[nH]1,N#CC1CCOCC1n1cc(C(N)=O)c(=Nc2cc(F)ccc2F)[nH]1,0.5,0.0
N#CC1CCOCC1n1cc(C(N)=O)c(=Nc2cc(F)ccc2F)[nH]1,COC(=O)CNc1ncccc1C(=O)NCc1nc[nH]c1C,0.4836735129356384,0.0
COC(=O)CNc1ncccc1C(=O)NCc1nc[nH]c1C,CCC1=C(N2CCOCC2)C(=Cc2ccccn2)c2ccccc21,0.45432353019714355,0.0
COC(=O)CNc1ncccc1C(=O)NCc1nc[nH]c1C,Clc1ccc(-c2nnc3c4ccccc4n(Cc4ccccc4)n23)cc1,0.5249034762382507,1.0
COC(=O)CNc1ncccc1C(=O)NCc1nc[nH]c1C,O=C(CN1Cc2ccccc2C1)[N+](=O)[O-],0.5249034762382507,1.0
COC(=O)CNc1ncccc1C(=O)NCc1nc[nH]c1C,Cc1nc(=NS(=O)(=O)c2ccc3c(c2)nc(-c2ccccn2)n3-c2ccccc2C)[nH]o1,0.509223461151123,1.0
COC(=O)CNc1ncccc1C(=O)NCc1nc[nH]c1C,COc1ccc(CCNC(C)=O)cc1OC,0.4989897310733795,0.0
COC(=O)CNc1ncccc1C(=O)NCc1nc[nH]c1C,CNCC1CCN(c2cc3c(cc2F)c(=O)c(C(=O)O)cn3C2CC2)C1,0.4940236210823059,0.0
COC(=O)CNc1ncccc1C(=O)NCc1nc[nH]c1C,Cc1cc(C=NN2CCN(Cc3ccccc3)CC2)c(C)n1-c1cccnc1,0.5249034762382507,1.0
COC(=O)CNc1ncccc1C(=O)NCc1nc[nH]c1C,NS(=O)(=O)c1ccc(N=Nc2c(O)[nH]c3ccccc23)cc1,0.5249034762382507,1.0
COC(=O)CNc1ncccc1C(=O)NCc1nc[nH]c1C,N#CC1CCOCC1n1cc(C(N)=O)c(=Nc2cc(F)ccc2F)[nH]1,0.5163264870643616,1.0
COC(=O)CNc1ncccc1C(=O)NCc1nc[nH]c1C,COC(=O)CNc1ncccc1C(=O)NCc1nc[nH]c1C,0.5,0.0
